index,Fire Alarm
12861,1
62469,0
49933,1
9539,1
13410,1
61059,0
52103,0
17395,1
44019,1
11753,1
46133,1
61335,0
31905,1
11374,1
61103,0
35460,1
56381,0
28921,1
8701,1
35380,1
53926,0
54620,0
1183,0
21652,1
21053,1
27598,0
60216,0
47156,1
28533,1
7082,1
46695,1
12339,1
46862,1
22245,1
56614,0
34803,1
5503,1
31631,1
30939,1
50962,1
11748,1
22609,1
58828,0
29254,1
42848,1
11152,1
51977,0
47160,1
2861,0
61443,0
58049,0
36438,1
53163,0
48493,1
19077,1
24897,1
10324,1
22091,1
54786,0
21800,1
24293,1
19792,1
41220,1
10585,1
42111,1
52686,0
2780,0
54174,0
17113,1
51724,0
2665,0
6833,1
960,0
35798,1
18433,1
26445,0
25552,0
34488,1
50489,1
7926,1
48206,1
44096,1
42883,1
40620,1
31420,1
61021,0
26092,0
18692,1
2935,0
6196,1
26520,0
36966,1
60479,0
12475,1
52412,0
35933,1
45805,1
16154,1
20630,1
10651,1
12642,1
21043,1
24736,1
36882,1
5588,1
62178,0
61247,0
37499,1
20299,1
1995,0
1389,0
7098,1
60121,0
51319,0
49541,1
47383,1
15593,1
56738,0
50096,1
50268,1
21429,1
39655,1
46710,1
54225,0
8271,1
19457,1
18829,1
5116,1
8300,1
14473,1
17826,1
54519,0
56588,0
17067,1
8283,1
4144,1
53680,0
48781,1
36114,1
36667,1
9430,1
39199,1
15013,1
37925,1
56222,0
32031,1
44485,1
12971,1
4990,1
9088,1
739,0
31523,1
28891,1
39918,1
57793,0
7120,1
4496,1
52251,0
17696,1
18546,1
2846,0
143,0
58975,0
53354,0
16985,1
7503,1
12162,1
37044,1
47388,1
45056,1
1187,0
3671,1
31053,1
16987,1
40737,1
30738,1
51131,1
38428,1
61194,0
19466,1
23195,1
58183,0
16918,1
31674,1
5747,1
30175,1
29,0
37003,1
38995,1
10832,1
33410,1
24862,1
27872,0
54574,0
14041,1
45286,1
43913,1
25831,0
36690,1
91,0
58904,0
59176,0
2199,0
11712,1
817,0
41804,1
50867,1
28321,1
60625,0
54346,0
29926,1
29804,1
43735,1
12086,1
35009,1
17272,1
39997,1
42739,1
55744,0
41877,1
9698,1
61742,0
25906,0
30714,1
33855,1
47374,1
38626,1
20277,1
31308,1
35958,1
44097,1
2357,0
57909,0
24036,1
57141,0
8074,1
21323,1
42055,1
46028,1
34875,1
59757,0
1845,0
54938,0
6162,1
55041,0
12859,1
56280,0
44584,1
42822,1
36326,1
8291,1
45436,1
44057,1
252,0
50853,1
107,0
48235,1
16003,1
32528,1
1545,0
10079,1
3002,0
47990,1
25817,0
48230,1
62404,0
59855,0
20510,1
6148,1
58122,0
4354,1
23240,1
16167,1
14054,1
27943,0
230,0
6343,1
56730,0
18972,1
28930,1
44350,1
32700,1
6301,1
12828,1
1275,0
59558,0
23255,1
33613,1
26207,0
9600,1
8469,1
21042,1
56446,0
53065,0
8308,1
15712,1
13234,1
14938,1
4796,1
15051,1
51237,0
10429,1
11133,1
7136,1
19625,1
15646,1
42146,1
42257,1
13173,1
46596,1
8186,1
33693,1
2779,0
12260,1
17649,1
40027,1
13469,1
10720,1
31146,1
52355,0
22338,1
48953,1
49343,1
56878,0
4618,1
60694,0
13459,1
12749,1
46892,1
2236,0
53312,0
6937,1
34816,1
38919,1
61826,0
30978,1
58923,0
6617,1
1591,0
11055,1
16755,1
22974,1
27304,0
34237,1
29729,1
33196,1
5347,1
13016,1
44541,1
26783,0
32287,1
34608,1
47572,1
61077,0
11754,1
27550,0
21274,1
22035,1
17289,1
17473,1
2167,0
60031,0
40876,1
51545,0
37188,1
40966,1
13689,1
3353,1
3568,1
30,0
131,0
43415,1
37433,1
54717,0
39141,1
19358,1
61299,0
21499,1
13519,1
446,0
57165,0
7168,1
10265,1
61067,0
17437,1
6267,1
30079,1
60342,0
27361,0
722,0
12594,1
18651,1
8439,1
43517,1
45788,1
10488,1
44402,1
7087,1
6902,1
26205,0
15473,1
53138,0
23309,1
60605,0
31725,1
54092,0
40545,1
26003,0
7709,1
28716,1
56533,0
31007,1
43502,1
57425,0
47243,1
61680,0
5011,1
51579,0
26852,0
62157,0
14910,1
33766,1
17076,1
16962,1
61316,0
31367,1
47789,1
27051,0
50297,1
26217,0
19279,1
9599,1
42947,1
24394,1
59884,0
7685,1
39879,1
41865,1
8412,1
58856,0
28050,0
26339,0
47045,1
56351,0
9598,1
52262,0
31581,1
10831,1
33391,1
12687,1
40282,1
35520,1
11821,1
53615,0
53316,0
25790,0
30180,1
28281,1
37113,1
14032,1
23756,1
55532,0
41608,1
31737,1
58659,0
6492,1
17640,1
34113,1
33536,1
28471,1
11431,1
2073,0
18748,1
10838,1
55055,0
33563,1
2899,0
24286,1
2568,0
6434,1
51262,0
1306,0
329,0
61355,0
13729,1
25242,0
60000,0
33648,1
3317,1
4245,1
57840,0
24631,1
52175,0
26663,0
42163,1
57693,0
61809,0
62334,0
18296,1
38582,1
9838,1
55201,0
48666,1
46295,1
10687,1
31537,1
44274,1
5838,1
10764,1
17560,1
58078,0
50052,1
8342,1
48820,1
21363,1
20395,1
4335,1
29065,1
37719,1
19668,1
45589,1
58934,0
11920,1
42434,1
50532,1
43690,1
14401,1
15567,1
43685,1
42014,1
60142,0
59784,0
43330,1
54428,0
30899,1
10125,1
18185,1
31873,1
48769,1
1626,0
34064,1
56436,0
2422,0
8084,1
43200,1
36988,1
38498,1
838,0
31746,1
35678,1
4929,1
55668,0
7785,1
35057,1
10698,1
37202,1
39659,1
30802,1
37195,1
45216,1
35741,1
60145,0
17193,1
44405,1
2242,0
2033,0
14659,1
54608,0
23513,1
46467,1
35691,1
7196,1
27978,0
38109,1
32059,1
53330,0
40020,1
46065,1
12592,1
24644,1
44051,1
44900,1
20603,1
52194,0
55738,0
14210,1
17682,1
28126,0
37836,1
33776,1
59804,0
24792,1
14067,1
2672,0
59065,0
47901,1
22243,1
58071,0
17461,1
44560,1
49214,1
21803,1
6554,1
12026,1
23022,1
53725,0
56288,0
10670,1
13468,1
5640,1
25647,0
54048,0
43939,1
57145,0
56258,0
1645,0
52880,0
36445,1
58113,0
60607,0
9924,1
42471,1
30309,1
58654,0
50961,1
29465,1
33552,1
56706,0
9681,1
429,0
52780,0
61481,0
11503,1
37698,1
49262,1
33645,1
51840,0
40835,1
22430,1
17245,1
13327,1
16361,1
10337,1
20261,1
4301,1
28638,1
24282,1
31558,1
13858,1
38607,1
21679,1
62294,0
12345,1
4384,1
34292,1
22266,1
48216,1
6846,1
27440,0
14303,1
45083,1
5193,1
1921,0
11373,1
12210,1
44340,1
7676,1
54331,0
3838,1
38422,1
3993,1
56202,0
38060,1
12522,1
28658,1
26123,0
42390,1
58911,0
40787,1
45462,1
24252,1
30459,1
62367,0
14540,1
11740,1
7123,1
39240,1
16267,1
58092,0
39959,1
17496,1
4612,1
32745,1
45650,1
21832,1
51334,0
35835,1
10465,1
1687,0
10650,1
56965,0
51329,0
42296,1
16730,1
19518,1
25793,0
38301,1
4652,1
5049,1
24109,1
6178,1
280,0
19776,1
11910,1
5247,1
5276,1
6377,1
35079,1
43142,1
2735,0
571,0
42470,1
51031,1
12087,1
6219,1
60514,0
25072,0
21346,1
8867,1
27492,0
45824,1
20921,1
48290,1
17481,1
32895,1
7149,1
14297,1
53609,0
13037,1
18421,1
61202,0
5046,1
52911,0
37248,1
4066,1
58760,0
34192,1
13514,1
1006,0
47040,1
12414,1
21313,1
36278,1
9875,1
48388,1
9180,1
39581,1
44866,1
24528,1
47144,1
9784,1
62292,0
17059,1
30592,1
22178,1
31940,1
46999,1
54216,0
29854,1
52606,0
37563,1
40415,1
40824,1
14874,1
29015,1
16046,1
38941,1
22563,1
16778,1
41138,1
36631,1
20696,1
48087,1
24256,1
43058,1
58593,0
42344,1
48532,1
38375,1
31796,1
40058,1
58915,0
29919,1
24333,1
4681,1
21303,1
49118,1
34128,1
30054,1
11560,1
15375,1
25261,0
22275,1
24550,1
36542,1
17396,1
58715,0
15839,1
36643,1
13383,1
8232,1
36384,1
60110,0
38331,1
35936,1
31675,1
40694,1
45329,1
47092,1
11109,1
60853,0
879,0
57061,0
18928,1
32301,1
21320,1
12127,1
42496,1
17664,1
42493,1
37601,1
42953,1
56391,0
20799,1
55227,0
21880,1
43641,1
48511,1
50075,1
57199,0
30716,1
40887,1
55787,0
30281,1
4295,1
3605,1
8928,1
50225,1
51073,1
4770,1
16765,1
14239,1
13431,1
24126,1
43239,1
58827,0
7397,1
13950,1
59025,0
3636,1
32732,1
3732,1
31438,1
25305,0
47728,1
26328,0
29306,1
30804,1
16893,1
46113,1
49379,1
60420,0
24222,1
17546,1
26060,0
25601,0
20602,1
44755,1
14996,1
34007,1
7271,1
15365,1
34334,1
4780,1
37472,1
17891,1
35429,1
4734,1
6983,1
58867,0
17554,1
47813,1
40124,1
56842,0
33920,1
10364,1
26256,0
46490,1
26861,0
29159,1
2140,0
31431,1
30299,1
51808,0
32319,1
31464,1
48145,1
44903,1
24692,1
60268,0
23492,1
1298,0
21939,1
46438,1
3567,1
33367,1
13727,1
15330,1
9309,1
16363,1
21416,1
62319,0
17085,1
6674,1
23753,1
23520,1
44795,1
33006,1
37278,1
25692,0
54648,0
33741,1
12953,1
16624,1
38477,1
6124,1
41121,1
61365,0
1480,0
49297,1
39985,1
12900,1
34316,1
5779,1
19289,1
15892,1
28756,1
27392,0
14793,1
46349,1
47200,1
36075,1
60313,0
50599,1
27032,0
25238,0
1292,0
27060,0
47097,1
56601,0
41422,1
12727,1
19125,1
11685,1
1511,0
22570,1
31039,1
439,0
5678,1
50693,1
25616,0
62383,0
56747,0
15743,1
21882,1
9895,1
55929,0
54059,0
54514,0
36317,1
29802,1
9061,1
17094,1
53425,0
30240,1
58868,0
48568,1
15909,1
25614,0
7681,1
28391,1
14137,1
16203,1
23001,1
12867,1
37951,1
9446,1
43540,1
32924,1
50528,1
45969,1
46058,1
11242,1
9157,1
16001,1
47726,1
5761,1
26188,0
45586,1
16013,1
8247,1
29762,1
30414,1
7154,1
21121,1
50424,1
60947,0
7900,1
22415,1
14487,1
16334,1
39790,1
55531,0
41987,1
19380,1
53144,0
27097,0
3235,1
55736,0
38938,1
33876,1
18847,1
41435,1
15404,1
58069,0
37109,1
60857,0
55430,0
709,0
41725,1
22857,1
30953,1
1258,0
31165,1
25848,0
10200,1
37743,1
4459,1
19941,1
39280,1
60184,0
36654,1
23485,1
38152,1
20882,1
55716,0
40298,1
56013,0
39183,1
36845,1
16563,1
28849,1
60575,0
35662,1
2189,0
60862,0
26522,0
3988,1
31167,1
60322,0
56931,0
57207,0
18700,1
39913,1
24210,1
57825,0
42508,1
14856,1
25880,0
18191,1
35643,1
15027,1
1522,0
35655,1
54463,0
15477,1
15312,1
57411,0
53270,0
56621,0
27079,0
4377,1
9846,1
21018,1
43342,1
19916,1
15885,1
3474,1
12142,1
7550,1
27085,0
55903,0
53832,0
1089,0
62401,0
55172,0
5166,1
2457,0
43300,1
39914,1
19319,1
53031,0
4429,1
23562,1
1416,0
62171,0
12943,1
38263,1
31543,1
33940,1
18878,1
51706,0
53254,0
12629,1
6125,1
7717,1
21132,1
5280,1
52934,0
33312,1
40916,1
33636,1
28957,1
11275,1
17062,1
42283,1
9790,1
21932,1
5026,1
53454,0
38820,1
22409,1
26804,0
38914,1
7184,1
41926,1
29382,1
17904,1
29571,1
13849,1
27487,0
30127,1
6720,1
61740,0
11665,1
23652,1
31305,1
24420,1
32107,1
37370,1
49693,1
7153,1
15749,1
32225,1
20454,1
34480,1
22025,1
37239,1
54515,0
44585,1
55859,0
61857,0
28826,1
24418,1
59311,0
27811,0
17940,1
57991,0
11915,1
6602,1
2502,0
16916,1
57961,0
52084,0
14529,1
33333,1
1379,0
2216,0
38861,1
59564,0
34428,1
52375,0
27206,0
23737,1
24206,1
15545,1
8710,1
50835,1
23899,1
43829,1
14855,1
34092,1
7935,1
47381,1
31038,1
24154,1
37354,1
56719,0
61361,0
51852,0
47693,1
36482,1
15333,1
42056,1
21431,1
25240,0
41658,1
30786,1
62322,0
2465,0
26154,0
34227,1
27253,0
32903,1
6506,1
32172,1
13081,1
21484,1
52772,0
19744,1
24675,1
37436,1
48435,1
61690,0
49769,1
23353,1
42757,1
14772,1
38949,1
42576,1
59979,0
5154,1
23018,1
17256,1
57097,0
49138,1
58214,0
44284,1
29095,1
35544,1
48048,1
49794,1
3836,1
13786,1
41425,1
10522,1
41518,1
43199,1
35113,1
55831,0
60085,0
24560,1
12555,1
54566,0
53644,0
46722,1
22439,1
25588,0
48485,1
19486,1
18020,1
27411,0
50603,1
49842,1
61228,0
44166,1
19570,1
26369,0
40151,1
26692,0
19070,1
27756,0
53639,0
10637,1
55705,0
56840,0
3511,1
41528,1
39999,1
4625,1
32985,1
25988,0
42569,1
12228,1
38191,1
54691,0
4808,1
43258,1
40188,1
13,0
49385,1
60604,0
11153,1
60374,0
12862,1
57198,0
23703,1
52283,0
17072,1
33497,1
27649,0
892,0
51632,0
51062,1
1039,0
55897,0
38267,1
43596,1
61772,0
19444,1
28013,0
53326,0
14766,1
45187,1
29747,1
47571,1
45137,1
5177,1
20579,1
46430,1
36037,1
62117,0
9716,1
51252,0
35716,1
33205,1
42216,1
25626,0
60649,0
925,0
17032,1
15573,1
965,0
62258,0
35599,1
40851,1
61882,0
496,0
7319,1
28580,1
46780,1
5966,1
34730,1
4868,1
37696,1
45500,1
10132,1
58849,0
53432,0
2891,0
53496,0
49733,1
38074,1
15344,1
45046,1
33674,1
31020,1
17228,1
11820,1
9519,1
34150,1
4228,1
26764,0
17759,1
47729,1
17217,1
24369,1
8116,1
57815,0
58295,0
46185,1
30480,1
4590,1
39902,1
18243,1
20088,1
27528,0
50259,1
3430,1
4156,1
57926,0
36135,1
19994,1
21865,1
15920,1
22330,1
7223,1
33639,1
3394,1
12282,1
51583,0
6652,1
43316,1
13687,1
52582,0
11265,1
30115,1
18317,1
51668,0
24822,1
6479,1
52333,0
15115,1
30231,1
32359,1
54201,0
20054,1
18534,1
57103,0
39428,1
30297,1
48975,1
19351,1
34530,1
47981,1
39678,1
5729,1
48183,1
14880,1
25802,0
55626,0
19903,1
20903,1
50782,1
44666,1
1880,0
60055,0
23720,1
1327,0
44578,1
15875,1
31056,1
36684,1
21015,1
41900,1
33997,1
4027,1
55808,0
16799,1
7512,1
2989,0
23247,1
47046,1
52281,0
13164,1
34899,1
13048,1
39163,1
6095,1
21036,1
43590,1
62243,0
61964,0
37052,1
33341,1
27342,0
32913,1
56472,0
60773,0
26166,0
37759,1
23384,1
49691,1
47113,1
42136,1
54061,0
25546,0
25412,0
59135,0
32605,1
50329,1
26091,0
1564,0
23936,1
29133,1
51964,0
32050,1
20702,1
40103,1
53628,0
32142,1
45540,1
17329,1
44454,1
10457,1
10962,1
17451,1
15281,1
53409,0
57526,0
4807,1
49428,1
7269,1
58240,0
61557,0
32628,1
33204,1
60689,0
37713,1
52588,0
50411,1
15995,1
51517,0
54668,0
30834,1
17767,1
42904,1
15386,1
54321,0
38138,1
49604,1
59227,0
56935,0
37182,1
38295,1
56307,0
35761,1
41185,1
18877,1
5332,1
45737,1
21092,1
32650,1
43543,1
59572,0
1871,0
23559,1
974,0
46304,1
31611,1
33895,1
24656,1
14394,1
24351,1
28100,0
61017,0
14496,1
43551,1
55750,0
10322,1
57367,0
41100,1
56875,0
53498,0
10610,1
34036,1
11618,1
53913,0
25693,0
25389,0
28771,1
41192,1
52396,0
28249,1
47402,1
40117,1
10990,1
6529,1
9086,1
13853,1
11082,1
46680,1
5757,1
38736,1
42955,1
14282,1
16759,1
33371,1
24827,1
2228,0
39580,1
10154,1
2342,0
43471,1
33534,1
4749,1
48181,1
41076,1
49816,1
31868,1
17114,1
30547,1
55646,0
31405,1
11895,1
20835,1
58098,0
30096,1
3887,1
20049,1
3339,1
34641,1
26260,0
5091,1
52394,0
10582,1
58068,0
32778,1
17104,1
25941,0
24352,1
36092,1
39192,1
44791,1
12415,1
53859,0
34798,1
6855,1
51124,1
18234,1
52756,0
33505,1
4076,1
39057,1
61015,0
59375,0
55932,0
15836,1
32779,1
44779,1
12881,1
15825,1
9592,1
43374,1
55605,0
48432,1
40528,1
50306,1
2365,0
14267,1
7840,1
7033,1
46314,1
49443,1
14236,1
2901,0
56215,0
1321,0
44400,1
58191,0
39601,1
7334,1
9452,1
58801,0
54368,0
15971,1
10039,1
19868,1
21480,1
40235,1
54339,0
540,0
44864,1
56531,0
40935,1
37930,1
8236,1
6214,1
48102,1
18465,1
39733,1
46190,1
62011,0
27855,0
24589,1
33119,1
7990,1
35145,1
52761,0
11204,1
30609,1
62476,0
43394,1
50365,1
52504,0
663,0
56086,0
19082,1
36207,1
14254,1
12360,1
35524,1
13630,1
8460,1
42957,1
37064,1
945,0
9102,1
44885,1
34946,1
45507,1
11305,1
36401,1
7281,1
15848,1
40062,1
30377,1
16539,1
47756,1
27823,0
1598,0
54712,0
15702,1
58599,0
52136,0
38863,1
57107,0
39850,1
32021,1
15794,1
30134,1
81,0
34982,1
26978,0
49779,1
3298,1
11458,1
47509,1
7623,1
29191,1
44399,1
40495,1
60545,0
47832,1
35563,1
37879,1
3478,1
20250,1
36036,1
8156,1
56060,0
7485,1
46212,1
33001,1
10825,1
30183,1
41853,1
29555,1
8846,1
49398,1
52250,0
13551,1
4006,1
28768,1
7724,1
58712,0
20168,1
13027,1
57254,0
42076,1
50074,1
23476,1
28280,1
44384,1
38399,1
27225,0
59385,0
60546,0
49448,1
38239,1
31199,1
45322,1
2238,0
57419,0
27209,0
27577,0
42640,1
23136,1
4433,1
12471,1
50598,1
56814,0
61520,0
62022,0
3485,1
60349,0
3956,1
40829,1
27652,0
33936,1
50650,1
36679,1
51477,0
55001,0
56208,0
55353,0
15805,1
2898,0
42890,1
3224,1
59703,0
16536,1
32753,1
17902,1
22106,1
31747,1
60596,0
49696,1
822,0
3771,1
31139,1
4375,1
14087,1
41207,1
48093,1
45438,1
4653,1
31614,1
13670,1
34527,1
59961,0
37483,1
54081,0
13197,1
41336,1
13685,1
22372,1
29883,1
14427,1
37107,1
54070,0
30002,1
14918,1
58508,0
43409,1
49867,1
55342,0
45733,1
49750,1
32044,1
12837,1
11329,1
51803,0
29209,1
35628,1
8884,1
47677,1
39608,1
19618,1
48978,1
55934,0
41581,1
59658,0
22508,1
38666,1
34030,1
23444,1
44214,1
30709,1
57166,0
47755,1
51423,0
55751,0
603,0
42507,1
44300,1
50438,1
42240,1
35679,1
57376,0
47948,1
44302,1
48158,1
60478,0
47192,1
14429,1
58152,0
9651,1
782,0
34804,1
109,0
26906,0
27512,0
8002,1
46961,1
12579,1
103,0
25932,0
43569,1
34956,1
61149,0
39333,1
10494,1
53617,0
54875,0
3211,1
54557,0
16928,1
56069,0
42304,1
39087,1
30314,1
32891,1
6505,1
50007,0
36283,1
9636,1
2265,0
12350,1
38818,1
61706,0
4065,1
33972,1
35942,1
21685,1
33445,1
42261,1
37515,1
40182,1
3094,0
20035,1
55611,0
19108,1
23658,1
45727,1
13578,1
23539,1
48624,1
42397,1
45156,1
5281,1
12947,1
4862,1
39375,1
55608,0
12722,1
15723,1
26449,0
8597,1
56243,0
48758,1
49429,1
6534,1
43173,1
11438,1
33184,1
27461,0
56632,0
6716,1
50907,1
39315,1
62142,0
7094,1
33448,1
21816,1
1215,0
57473,0
10692,1
60949,0
48661,1
39824,1
32996,1
2268,0
25735,0
41806,1
50344,1
11288,1
39308,1
47107,1
7156,1
23496,1
8937,1
6416,1
52446,0
35744,1
37581,1
61455,0
1015,0
40746,1
51230,0
274,0
45488,1
12819,1
8640,1
54043,0
21547,1
48622,1
9543,1
30081,1
48064,1
51138,1
47841,1
40858,1
47503,1
51193,0
40764,1
5206,1
34589,1
45828,1
60672,0
60977,0
39957,1
36913,1
27914,0
36292,1
30487,1
14348,1
40129,1
46860,1
55090,0
4918,1
37467,1
43992,1
59426,0
50783,1
2894,0
24000,1
51030,1
60296,0
53453,0
55853,0
51656,0
57093,0
9328,1
56504,0
29275,1
25141,0
34090,1
45801,1
52363,0
26741,0
30519,1
15889,1
10760,1
15932,1
49387,1
28152,0
20840,1
2679,0
38192,1
17801,1
47032,1
51411,0
14712,1
54565,0
14463,1
3416,1
42145,1
55509,0
14346,1
46639,1
59978,0
62034,0
36524,1
15438,1
51758,0
57681,0
52874,0
5681,1
11101,1
41740,1
35452,1
36556,1
16342,1
61758,0
30163,1
41564,1
47491,1
7991,1
2188,0
16274,1
49034,1
11651,1
38771,1
30516,1
22976,1
27082,0
6363,1
24168,1
33916,1
53684,0
54825,0
38276,1
16043,1
21138,1
18909,1
16064,1
48371,1
23881,1
42946,1
42322,1
29699,1
34943,1
58961,0
29444,1
29851,1
3534,1
13166,1
2280,0
17786,1
55465,0
1031,0
54865,0
49299,1
1959,0
54741,0
10595,1
38990,1
25046,0
13131,1
11878,1
37365,1
2169,0
6619,1
62363,0
5876,1
47915,1
48163,1
34610,1
28779,1
39868,1
47592,1
16358,1
6126,1
53779,0
15192,1
4085,1
60092,0
49870,1
28565,1
28535,1
43117,1
15426,1
25648,0
12823,1
59943,0
24180,1
32681,1
15394,1
27337,0
59370,0
48505,1
62415,0
21878,1
39579,1
35467,1
23540,1
60972,0
43213,1
55345,0
7243,1
52298,0
36670,1
6441,1
24945,1
20416,1
54609,0
61174,0
16967,1
22763,1
31147,1
46898,1
56833,0
14885,1
48673,1
38707,1
5227,1
51708,0
25607,0
17484,1
6622,1
32616,1
9909,1
63,0
53618,0
3181,1
61452,0
23257,1
55825,0
33308,1
1095,0
35440,1
18144,1
14125,1
59850,0
32040,1
18673,1
19644,1
61277,0
30705,1
43106,1
40971,1
26748,0
1217,0
38418,1
31333,1
28705,1
60892,0
43230,1
16862,1
43508,1
52085,0
22197,1
49878,1
14345,1
33604,1
9397,1
43880,1
26137,0
32694,1
38633,1
9139,1
38110,1
61779,0
42534,1
23945,1
37222,1
12743,1
23101,1
1406,0
57032,0
3745,1
20575,1
34008,1
4275,1
32216,1
11378,1
54720,0
24250,1
22367,1
36001,1
20,0
43318,1
3630,1
34261,1
55969,0
23181,1
23522,1
29471,1
4260,1
54388,0
5800,1
41554,1
60851,0
38723,1
5284,1
2816,0
42222,1
46615,1
15436,1
53546,0
19000,1
52545,0
33532,1
1387,0
34664,1
15588,1
8386,1
21765,1
32623,1
8842,1
59864,0
33610,1
8732,1
32471,1
34305,1
43703,1
57290,0
51811,0
28005,0
47366,1
28796,1
22481,1
32279,1
41579,1
33466,1
27850,0
46614,1
25407,0
46160,1
22589,1
12023,1
19450,1
60670,0
49501,1
24132,1
37316,1
47761,1
30892,1
24649,1
22655,1
44042,1
20254,1
26927,0
55561,0
3951,1
26822,0
44867,1
45951,1
28740,1
61712,0
9272,1
43629,1
26777,0
16629,1
33317,1
36595,1
22137,1
44015,1
56734,0
60826,0
5749,1
57760,0
20105,1
22403,1
25953,0
11521,1
1719,0
47201,1
22176,1
45057,1
6663,1
43647,1
14152,1
27535,0
755,0
19655,1
31705,1
14037,1
1005,0
31341,1
35169,1
5897,1
2730,0
43071,1
20825,1
41829,1
40039,1
23457,1
47585,1
27992,0
22769,1
48603,1
30970,1
33090,1
4771,1
33498,1
41313,1
35787,1
23280,1
27521,0
56890,1
31061,1
22057,1
7155,1
6530,1
8923,1
32242,1
34101,1
58111,0
35415,1
53741,0
59404,0
1218,0
60260,0
22817,1
48367,1
13811,1
22452,1
39778,1
45843,1
7744,1
30917,1
3059,0
32710,1
58701,0
53384,0
49858,1
15410,1
34817,1
50777,1
29102,1
59487,0
53607,0
46381,1
31652,1
2430,0
49358,1
31509,1
33939,1
25366,0
15158,1
54512,0
3213,1
40978,1
30922,1
39702,1
60361,0
28894,1
47667,1
29252,1
49083,1
47063,1
25377,0
17885,1
48663,1
11018,1
45750,1
28182,1
3546,1
16925,1
46478,1
44967,1
13022,1
58993,0
22529,1
43418,1
51422,0
46610,1
11205,1
45290,1
45415,1
17112,1
1386,0
34683,1
28624,1
10772,1
59449,0
17000,1
57940,0
51376,0
9298,1
22110,1
3667,1
19018,1
41379,1
22751,1
34564,1
50548,1
29792,1
61349,0
45593,1
28163,0
27131,0
8332,1
4369,1
22514,1
49791,1
9780,1
40892,1
32893,1
57430,0
10747,1
57257,0
54105,0
41204,1
18772,1
36386,1
38866,1
56920,0
47867,1
17435,1
58866,0
53403,0
12904,1
37590,1
5579,1
34149,1
5078,1
61151,0
1164,0
11186,1
39561,1
159,0
55996,0
35539,1
47964,1
52754,0
42066,1
8442,1
52758,0
52457,0
53656,0
42817,1
23762,1
16969,1
32239,1
49564,1
31188,1
17652,1
40816,1
34746,1
13654,1
12590,1
9472,1
60992,0
1008,0
37452,1
31274,1
16288,1
11422,1
3145,0
16237,1
32147,1
62228,0
10064,1
54375,0
4688,1
26853,0
60634,0
28761,1
37155,1
46715,1
25632,0
22909,1
10441,1
5975,1
60191,0
49940,1
1156,0
20078,1
22964,1
10280,1
8601,1
46421,1
22793,1
13144,1
51569,0
52448,0
53216,0
6948,1
10459,1
8539,1
36717,1
46554,1
11958,1
62120,0
18067,1
38146,1
40616,1
10263,1
53793,0
28062,0
19967,1
30807,1
40416,1
13890,1
5459,1
52487,0
25854,0
46848,1
61692,0
19367,1
55805,0
23686,1
43752,1
47584,1
58031,0
10110,1
2885,0
15569,1
39932,1
52563,0
31269,1
59660,0
2671,0
54855,0
53758,0
41235,1
33104,1
13423,1
42189,1
61063,0
24433,1
15527,1
43240,1
22236,1
55441,0
54941,0
48892,1
5763,1
40206,1
28019,0
57305,0
47024,1
46798,1
38243,1
13546,1
1836,0
55993,0
1726,0
23819,1
49072,1
22281,1
41316,1
36481,1
403,0
10272,1
9540,1
26550,0
60816,0
27455,0
22634,1
41134,1
34343,1
10665,1
43307,1
1463,0
37779,1
56237,0
22878,1
17340,1
26613,0
37296,1
48810,1
24979,1
39538,1
30857,1
180,0
20564,1
5818,1
3462,1
19066,1
5879,1
31798,1
35324,1
21916,1
48965,1
49474,1
5183,1
59827,0
25661,0
41420,1
51774,0
9001,1
38801,1
53076,0
23065,1
17462,1
44515,1
31963,1
10753,1
13669,1
9478,1
24461,1
33117,1
35550,1
62436,0
37812,1
50095,1
36464,1
58968,0
28009,0
1097,0
61576,0
43153,1
23805,1
19371,1
32936,1
59273,0
20810,1
7977,1
36512,1
56204,0
1202,0
11777,1
801,0
19489,1
53032,0
59790,0
24627,1
47039,1
60727,0
15610,1
20706,1
59763,0
49698,1
39834,1
32022,1
42596,1
57047,0
54131,0
27308,0
34939,1
8393,1
23574,1
28007,0
23,0
24026,1
32515,1
30748,1
34787,1
43525,1
53212,0
41105,1
46483,1
54133,0
11558,1
60075,0
28481,1
15873,1
21755,1
19813,1
56951,0
14381,1
36140,1
504,0
3829,1
37425,1
62577,0
40917,1
52054,0
15078,1
4873,1
47440,1
51846,0
24504,1
13396,1
12182,1
53248,0
44004,1
48253,1
1710,0
49986,1
60772,0
49240,1
47429,1
29142,1
20584,1
5698,1
45961,1
11444,1
8955,1
48592,1
35820,1
793,0
40205,1
57491,0
43235,1
14948,1
3571,1
6418,1
50094,1
33372,1
11715,1
33718,1
56308,0
36743,1
56265,0
10855,1
54328,0
20863,1
42544,1
5599,1
24049,1
37706,1
10356,1
30338,1
60542,0
22013,1
2614,0
49436,1
3043,0
32385,1
8491,1
13306,1
16804,1
57229,0
34060,1
43817,1
26909,0
52254,0
6544,1
47477,1
11271,1
33614,1
51767,0
34111,1
51035,1
5514,1
58399,0
14112,1
119,0
45783,1
62136,0
37959,1
16816,1
49318,1
31084,1
50451,1
39237,1
57704,0
29440,1
812,0
60714,0
29340,1
50882,1
15200,1
36281,1
47917,1
34714,1
60598,0
48684,1
17369,1
2248,0
40242,1
29316,1
34369,1
29148,1
43347,1
30241,1
11957,1
14945,1
25900,0
46062,1
10052,1
19508,1
13532,1
38479,1
29965,1
1786,0
1888,0
34662,1
36750,1
29780,1
19345,1
39284,1
32023,1
59130,0
53599,0
48347,1
41236,1
17812,1
55602,0
34074,1
53277,0
1019,0
46881,1
1332,0
41971,1
62378,0
61308,0
55514,0
39480,1
14707,1
23287,1
38779,1
54684,0
24390,1
39233,1
42547,1
33547,1
4823,1
33930,1
49601,1
52330,0
29347,1
16873,1
8411,1
16707,1
8631,1
20040,1
38078,1
13540,1
21564,1
43158,1
34203,1
45608,1
24563,1
52790,0
18266,1
18164,1
42525,1
62186,0
35262,1
54454,0
16418,1
57873,0
10804,1
3138,0
23083,1
41624,1
7887,1
32962,1
58153,0
18631,1
14799,1
24161,1
29394,1
14623,1
54996,0
22135,1
56854,0
6750,1
39260,1
59492,0
20649,1
43006,1
61415,0
55078,0
1981,0
10638,1
11837,1
26779,0
46697,1
54262,0
13552,1
45066,1
35527,1
3613,1
33628,1
26527,0
61219,0
51985,0
14415,1
42969,1
15652,1
41127,1
1235,0
10640,1
34140,1
44070,1
55237,0
16036,1
35340,1
47720,1
60257,0
37804,1
6152,1
34905,1
41596,1
39124,1
14954,1
9821,1
27780,0
41058,1
45257,1
9769,1
57500,0
61877,0
5990,1
35173,1
59963,0
30657,1
16717,1
2055,0
14546,1
25758,0
332,0
57447,0
19693,1
3995,1
51332,0
50801,1
36202,1
23437,1
43473,1
48799,1
61306,0
31303,1
2657,0
32953,1
57474,0
61608,0
55069,0
14570,1
55925,0
7460,1
60018,0
53397,0
58215,0
50071,1
49597,1
15316,1
3648,1
6483,1
35771,1
35339,1
62406,0
42429,1
37932,1
92,0
55725,0
42460,1
14595,1
52963,0
4723,1
30065,1
13955,1
45434,1
36772,1
39777,1
15497,1
36056,1
47433,1
26237,0
54411,0
20626,1
39477,1
12871,1
28566,1
3024,0
4363,1
62173,0
572,0
42734,1
35410,1
37652,1
18338,1
49865,1
50789,1
14739,1
48955,1
36449,1
24381,1
21151,1
6572,1
12634,1
24751,1
15585,1
10612,1
22919,1
20131,1
48192,1
45906,1
27318,0
19632,1
59601,0
59897,0
50870,1
25142,0
52696,0
61631,0
56680,0
53368,0
10149,1
49158,1
40915,1
7294,1
47680,1
18563,1
59791,0
18143,1
22756,1
8474,1
45371,1
42622,1
25233,0
23759,1
34193,1
21293,1
6403,1
37986,1
16810,1
3231,1
36187,1
61095,0
49737,1
1228,0
41636,1
62332,0
32013,1
36877,1
8925,1
53831,0
12696,1
38742,1
23975,1
51784,0
52000,0
57382,0
31394,1
32455,1
8431,1
54690,0
56054,0
27495,0
19547,1
7927,1
43793,1
18439,1
2702,0
32138,1
44556,1
26131,0
17658,1
33166,1
2146,0
41022,1
6172,1
11348,1
50011,0
18184,1
24464,1
6177,1
50584,1
51826,0
45138,1
13563,1
41150,1
54152,0
11076,1
18207,1
36057,1
3845,1
32940,1
56985,0
36313,1
57779,0
51006,1
25621,0
31934,1
35030,1
7347,1
37071,1
21899,1
7521,1
17273,1
62306,0
25365,0
44339,1
56376,0
14356,1
48657,1
13686,1
22161,1
3262,1
18384,1
9712,1
12468,1
43928,1
15705,1
23246,1
40555,1
52687,0
29060,1
6371,1
46542,1
52491,0
23571,1
21247,1
8824,1
34251,1
18500,1
44780,1
16477,1
10444,1
11659,1
28831,1
36862,1
1560,0
44146,1
4092,1
20711,1
47121,1
41322,1
61033,0
45782,1
1242,0
23483,1
20263,1
41707,1
42287,1
48757,1
15219,1
12780,1
58303,0
54004,0
27622,0
29405,1
4725,1
18695,1
16176,1
5197,1
34782,1
17977,1
21798,1
27433,0
54431,0
14263,1
27091,0
20374,1
30179,1
50839,1
39649,1
32104,1
8294,1
11639,1
50972,1
41302,1
40302,1
45621,1
41477,1
28980,1
44187,1
19895,1
30212,1
49556,1
1001,0
60965,0
46382,1
36021,1
10354,1
55984,0
50270,1
51641,0
31329,1
27669,0
42338,1
57699,0
39051,1
5880,1
21372,1
12216,1
31183,1
6751,1
42697,1
19586,1
62507,0
2490,0
56489,0
47407,1
34246,1
12120,1
28937,1
4710,1
1832,0
34025,1
33556,1
2827,0
54265,0
6969,1
53029,0
51022,1
27395,0
34469,1
50800,1
20857,1
4700,1
25728,0
52501,0
11889,1
30616,1
51103,1
13080,1
53891,0
16138,1
14046,1
1744,0
62479,0
17601,1
11283,1
57748,0
13649,1
60871,0
59740,0
20610,1
524,0
56759,0
43985,1
8182,1
17728,1
56685,0
22830,1
48698,1
2937,0
59203,0
56218,0
39000,1
55672,0
59754,0
14575,1
24378,1
41006,1
18134,1
5381,1
36272,1
59982,0
5912,1
2304,0
40239,1
51764,0
84,0
37531,1
4592,1
61885,0
5816,1
44380,1
49578,1
52207,0
56938,0
27851,0
21704,1
40582,1
49949,1
12502,1
13523,1
37670,1
54259,0
30779,1
55238,0
15360,1
33315,1
3056,0
45952,1
5265,1
24685,1
32122,1
16986,1
28354,1
52473,0
60580,0
18744,1
5511,1
60517,0
21702,1
12452,1
22116,1
4373,1
47650,1
24870,1
8429,1
2981,0
36130,1
12101,1
27875,0
37391,1
43636,1
31984,1
44095,1
11232,1
12671,1
5673,1
17123,1
51785,0
2773,0
2849,0
13597,1
6094,1
32300,1
12817,1
31081,1
12503,1
59603,0
56473,0
5528,1
46956,1
32486,1
37887,1
23029,1
20051,1
33641,1
48708,1
42595,1
5720,1
51775,0
61998,0
21195,1
7936,1
44048,1
1752,0
23286,1
56963,0
32731,1
61898,0
29583,1
31942,1
41779,1
40263,1
56345,0
61243,0
28325,1
16131,1
51627,0
9143,1
18190,1
57677,0
57966,0
29677,1
42852,1
44701,1
54230,0
36783,1
39132,1
49119,1
8800,1
54664,0
61613,0
44398,1
2257,0
8205,1
33488,1
4485,1
58744,0
1601,0
32295,1
5517,1
58668,0
40710,1
1664,0
31453,1
29509,1
41876,1
46235,1
8184,1
36196,1
50728,1
6832,1
14749,1
8757,1
49587,1
39786,1
23267,1
15390,1
31520,1
61542,0
30282,1
777,0
14351,1
39556,1
56647,0
50520,1
53600,0
27525,0
32315,1
21460,1
40988,1
46515,1
44306,1
61413,0
58916,0
26563,0
37469,1
26121,0
47586,1
7170,1
3685,1
20337,1
52570,0
10478,1
33772,1
53483,0
43721,1
42881,1
14010,1
61555,0
4370,1
8654,1
42477,1
3480,1
52767,0
61256,0
15575,1
12175,1
49935,1
50163,1
15303,1
16382,1
58952,0
50713,1
31450,1
3397,1
26263,0
4194,1
58250,0
35893,1
51515,0
53723,0
50798,1
31309,1
31110,1
58517,0
22553,1
3415,1
25401,0
24449,1
34857,1
34264,1
14086,1
49629,1
35320,1
62553,0
44272,1
54751,0
15772,1
24040,1
37154,1
60824,0
44816,1
24384,1
32769,1
62600,0
5722,1
36969,1
39247,1
31166,1
51611,0
54570,0
18693,1
61398,0
3230,1
4306,1
14127,1
10652,1
19864,1
58869,0
60821,0
2747,0
11267,1
8819,1
43548,1
55804,0
18470,1
10666,1
49907,1
42249,1
59672,0
26693,0
4411,1
25143,0
50544,1
759,0
269,0
37680,1
60207,0
33825,1
19509,1
37200,1
13509,1
38370,1
27015,0
57065,0
43323,1
54229,0
2100,0
9256,1
16764,1
17279,1
23060,1
55258,0
22448,1
2170,0
57052,0
2962,0
52879,0
36506,1
51979,0
53129,0
32358,1
57918,0
53151,0
6835,1
28917,1
51954,0
4423,1
53108,0
696,0
33575,1
7837,1
47942,1
30524,1
18097,1
12883,1
14796,1
24259,1
40619,1
15586,1
35272,1
3055,0
43609,1
45533,1
39407,1
45697,1
21332,1
2494,0
49298,1
44177,1
4854,1
851,0
27603,0
61265,0
52052,0
5743,1
22028,1
2875,0
55203,0
60516,0
12330,1
40810,1
62014,0
54357,0
27379,0
12694,1
18056,1
761,0
3733,1
20932,1
16800,1
17153,1
42118,1
36454,1
37918,1
6748,1
27610,0
29820,1
44788,1
48045,1
12635,1
16626,1
33124,1
33120,1
58312,0
59532,0
26444,0
56082,0
15807,1
4098,1
40277,1
58536,0
55749,0
40014,1
34171,1
57597,0
30955,1
41018,1
20079,1
56367,0
56066,0
44767,1
13012,1
55815,0
50168,1
26770,0
25226,0
3690,1
47180,1
23026,1
17241,1
38891,1
42394,1
51012,1
23655,1
26557,0
31978,1
10857,1
32003,1
23878,1
23037,1
50816,1
40717,1
8910,1
20053,1
9384,1
6615,1
32222,1
28484,1
10754,1
7656,1
43582,1
59921,0
50686,1
10167,1
10824,1
53243,0
12118,1
10506,1
9572,1
57246,0
60424,0
29486,1
35511,1
35914,1
26855,0
45894,1
5455,1
27203,0
12589,1
1290,0
1057,0
52529,0
37333,1
225,0
43136,1
3481,1
19857,1
11218,1
48061,1
42540,1
37972,1
18901,1
34546,1
6460,1
24772,1
10300,1
62454,0
43968,1
37769,1
46776,1
8413,1
61168,0
29904,1
40950,1
3686,1
59477,0
54317,0
54757,0
34157,1
2661,0
42475,1
1099,0
52477,0
53542,0
23766,1
61038,0
42,0
59113,0
2446,0
21919,1
56312,0
824,0
55189,0
19793,1
4074,1
2439,0
23318,1
13616,1
24989,1
8667,1
26292,0
32526,1
40708,1
16847,1
16133,1
42973,1
51715,0
13165,1
30726,1
47408,1
23913,1
47165,1
47306,1
45679,1
28256,1
31427,1
51788,0
44305,1
48309,1
11645,1
39265,1
40029,1
26759,0
22936,1
33078,1
39080,1
36127,1
38461,1
46253,1
35896,1
46049,1
31291,1
11884,1
25168,0
36397,1
51134,1
53906,0
56832,0
40043,1
57537,0
42435,1
7581,1
12723,1
8913,1
170,0
19140,1
26814,0
16857,1
17752,1
11810,1
56967,0
33538,1
60295,0
9829,1
40841,1
42985,1
16315,1
14632,1
12767,1
45559,1
9496,1
13706,1
39550,1
17326,1
9748,1
11674,1
17116,1
44370,1
59519,0
10194,1
8650,1
57171,0
28613,1
677,0
60996,0
42060,1
27181,0
14873,1
41796,1
52430,0
37830,1
14697,1
50918,1
56210,0
32434,1
9115,1
30773,1
53839,0
45345,1
20865,1
47456,1
27530,0
48129,1
27990,0
39384,1
13804,1
55928,0
52366,0
25697,0
43518,1
61634,0
23208,1
6151,1
5077,1
20604,1
30389,1
31610,1
38047,1
47953,1
37355,1
28094,0
40544,1
49145,1
24044,1
28477,1
10915,1
26839,0
7463,1
37547,1
47992,1
24088,1
31245,1
28197,1
5282,1
45330,1
62019,0
32428,1
36924,1
23712,1
38852,1
7653,1
6251,1
11896,1
10502,1
15455,1
57004,0
18672,1
7151,1
10673,1
7465,1
33207,1
28905,1
51705,0
2718,0
50485,1
4801,1
58922,0
16689,1
24534,1
39028,1
54599,0
7878,1
47258,1
39335,1
8569,1
62109,0
44076,1
751,0
45637,1
13142,1
40613,1
28582,1
36694,1
41841,1
40443,1
54739,0
20149,1
14941,1
5894,1
53295,0
23902,1
25470,0
14294,1
14059,1
10096,1
13888,1
59853,0
45769,1
18376,1
61241,0
44929,1
8345,1
41183,1
32305,1
52799,0
59136,0
21367,1
53588,0
56652,0
61429,0
47286,1
37568,1
24177,1
31809,1
2046,0
12976,1
24817,1
35700,1
26792,0
3045,0
4416,1
27147,0
7774,1
21835,1
38102,1
51587,0
17200,1
60674,0
21695,1
19172,1
18458,1
4351,1
54986,0
15087,1
40818,1
9026,1
11788,1
10580,1
50372,1
41456,1
21636,1
27228,0
29238,1
40507,1
20498,1
27743,0
18633,1
27485,0
175,0
10786,1
55178,0
15877,1
61480,0
13795,1
51438,0
40152,1
9460,1
41405,1
20530,1
37234,1
28011,0
50639,1
31203,1
57609,0
42032,1
2703,0
23726,1
62153,0
4530,1
61676,0
7737,1
33380,1
23388,1
37885,1
9500,1
7880,1
38310,1
32754,1
59093,0
29248,1
11817,1
16054,1
39591,1
57880,0
52533,0
20468,1
2026,0
59334,0
16516,1
5624,1
8628,1
46592,1
50617,1
38782,1
8526,1
56794,0
49594,1
35972,1
13244,1
61385,0
10329,1
34537,1
36998,1
39103,1
25231,0
16239,1
20734,1
53407,0
13237,1
23689,1
11933,1
16647,1
17818,1
60302,0
59849,0
13534,1
12889,1
9013,1
58751,0
11036,1
49096,1
29652,1
59317,0
33513,1
32210,1
20161,1
1610,0
58711,0
33514,1
25830,0
28052,0
26795,0
56850,0
9714,1
12701,1
45373,1
58600,0
3006,0
55422,0
53540,0
35316,1
38379,1
36901,1
57602,0
18807,1
9809,1
13329,1
11169,1
21398,1
53371,0
60749,0
22464,1
12735,1
21589,1
13400,1
31522,1
5862,1
10561,1
23129,1
5540,1
13787,1
51452,0
36813,1
2361,0
5137,1
18971,1
21776,1
14555,1
26169,0
52034,0
59264,0
28809,1
919,0
55919,0
47226,1
4778,1
59892,0
30601,1
54264,0
24285,1
15786,1
10571,1
47620,1
4483,1
21144,1
12178,1
15980,1
2969,0
36991,1
45446,1
14955,1
4728,1
18797,1
20014,1
17198,1
5591,1
35880,1
27709,0
41768,1
12543,1
60814,0
4839,1
4828,1
55284,0
37521,1
35120,1
46094,1
26484,0
25565,0
26838,0
62471,0
22189,1
19722,1
3899,1
53783,0
62154,0
14113,1
14256,1
15408,1
27607,0
35884,1
5744,1
56432,0
3489,1
7911,1
51293,0
42329,1
54513,0
48223,1
9551,1
60577,0
4729,1
54002,0
56109,0
12494,1
53429,0
33337,1
52014,0
48270,1
7473,1
20710,1
4565,1
37262,1
61578,0
30518,1
12907,1
35106,1
58852,0
45605,1
59072,0
8143,1
39921,1
5429,1
56447,0
675,0
3134,0
24663,1
60300,0
55010,0
13660,1
37119,1
20355,1
55731,0
23219,1
54409,0
28783,1
51634,0
24545,1
37128,1
40510,1
62095,0
12250,1
19702,1
3684,1
51550,0
59349,0
33962,1
816,0
15930,1
14492,1
24025,1
37347,1
47390,1
43718,1
21943,1
23045,1
35077,1
41307,1
12208,1
2867,0
54114,0
60105,0
9582,1
52195,0
61356,0
11391,1
19432,1
11007,1
53699,0
54118,0
4517,1
72,0
36414,1
58300,0
1021,0
13954,1
31658,1
17427,1
52617,0
48562,1
7618,1
50029,1
62336,0
48578,1
12839,1
38007,1
32532,1
35478,1
32941,1
16480,1
57990,0
61664,0
1116,0
9752,1
44008,1
54927,0
8586,1
48618,1
44824,1
31944,1
49634,1
5960,1
22489,1
55479,0
10276,1
14651,1
5831,1
15965,1
47155,1
11316,1
41349,1
12985,1
3237,1
13411,1
47173,1
24720,1
26966,0
23595,1
38519,1
62521,0
20265,1
15866,1
42847,1
56705,0
23094,1
32049,1
2495,0
3781,1
43744,1
57688,0
4025,1
18120,1
62372,0
22469,1
43379,1
4506,1
52444,0
46163,1
8463,1
17038,1
17686,1
16668,1
58669,0
43729,1
56172,0
54854,0
44420,1
58546,0
56999,0
53861,0
36318,1
59401,0
10109,1
27746,0
62009,0
7081,1
39953,1
30036,1
11253,1
36794,1
17802,1
934,0
14499,1
27765,0
58980,0
8416,1
60762,0
53038,0
10878,1
23544,1
60202,0
7528,1
55686,0
9997,1
34732,1
38452,1
41937,1
55862,0
29118,1
4199,1
13631,1
23627,1
19717,1
60579,0
54084,0
21486,1
28245,1
38712,1
41258,1
8472,1
60162,0
4215,1
15715,1
19843,1
22515,1
53702,0
29899,1
49113,1
21548,1
13643,1
30846,1
48658,1
32260,1
33273,1
33384,1
58635,0
27172,0
5813,1
9178,1
39469,1
48540,1
24647,1
61848,0
25666,0
30754,1
17075,1
2741,0
54217,0
18315,1
11400,1
35349,1
37441,1
29277,1
4432,1
529,0
13015,1
6611,1
41570,1
18885,1
39197,1
49682,1
59086,0
14493,1
40223,1
19032,1
45583,1
29726,1
39737,1
3857,1
41979,1
52108,0
20208,1
52449,0
36348,1
60194,0
41060,1
37662,1
17901,1
32223,1
48147,1
30070,1
46531,1
35869,1
22387,1
39008,1
57048,0
48096,1
3071,0
34458,1
5621,1
29545,1
15291,1
21188,1
41339,1
420,0
3868,1
51970,0
61842,0
44950,1
34099,1
10558,1
60041,0
50145,1
48470,1
3388,1
31594,1
24304,1
9677,1
2001,0
20252,1
8727,1
48411,1
34336,1
12144,1
55570,0
45119,1
42903,1
52534,0
55473,0
3915,1
37881,1
27106,0
22133,1
58523,0
46526,1
924,0
33155,1
43113,1
40255,1
2621,0
57534,0
13398,1
31091,1
49677,1
60979,0
5088,1
41433,1
36420,1
55012,0
19080,1
42095,1
32115,1
26776,0
48383,1
3158,0
32563,1
46437,1
55268,0
18801,1
38520,1
48806,1
38689,1
10161,1
58447,0
52455,0
35558,1
1720,0
46568,1
12930,1
14367,1
5555,1
22000,1
8069,1
4931,1
42600,1
27143,0
59806,0
56908,0
34390,1
7917,1
57422,0
52210,0
39419,1
40479,1
1927,0
6914,1
33161,1
27101,0
3455,1
45642,1
54142,0
13420,1
37894,1
4864,1
54876,0
25947,0
16739,1
48436,1
57684,0
52558,0
39209,1
13038,1
31457,1
29062,1
11166,1
51204,0
10541,1
19266,1
19745,1
36561,1
28255,1
26606,0
4490,1
45398,1
9099,1
31342,1
35523,1
51468,0
34326,1
4679,1
53043,0
61404,0
52141,0
45741,1
10597,1
10092,1
35685,1
39970,1
8331,1
35922,1
11771,1
16360,1
29923,1
38093,1
47344,1
19219,1
24198,1
14514,1
59469,0
61070,0
52068,0
55538,0
51646,0
54516,0
48366,1
42134,1
21852,1
3218,1
31783,1
45613,1
2508,0
15401,1
44999,1
5478,1
9785,1
57804,0
53869,0
9449,1
27519,0
33624,1
54616,0
14329,1
8534,1
28827,1
40580,1
46347,1
23415,1
10175,1
21692,1
61639,0
12293,1
28948,1
42575,1
3500,1
45926,1
43441,1
53563,0
35754,1
5914,1
53184,0
14036,1
56872,0
32426,1
58125,0
51849,0
26028,0
22424,1
23064,1
49248,1
38099,1
23707,1
46893,1
45418,1
50976,1
3711,1
6539,1
9461,1
34425,1
467,0
2919,0
42480,1
25635,0
25844,0
34472,1
58490,0
22652,1
8108,1
2900,0
52600,0
17315,1
52960,0
15225,1
55115,0
8639,1
55844,0
13991,1
8075,1
59343,0
57082,0
23997,1
13125,1
45394,1
766,0
24019,1
1244,0
33077,1
58131,0
51742,0
52836,0
30344,1
49929,1
24981,1
44128,1
51147,0
54864,0
23885,1
19724,1
51366,0
36413,1
38704,1
47379,1
26562,0
16892,1
26048,0
52454,0
73,0
808,0
25270,0
16263,1
6842,1
8652,1
40626,1
19225,1
32429,1
61322,0
10569,1
20354,1
4578,1
44323,1
60454,0
49880,1
38166,1
8947,1
39476,1
44535,1
62071,0
28470,1
26408,0
10719,1
16265,1
55428,0
40202,1
46368,1
46649,1
45284,1
6586,1
53049,0
1775,0
24302,1
60432,0
29433,1
43129,1
7767,1
18526,1
10848,1
8203,1
36513,1
29566,1
53834,0
1977,0
6634,1
51240,0
27920,0
38663,1
557,0
21394,1
34002,1
13717,1
61629,0
22077,1
18268,1
5676,1
29981,1
39085,1
19673,1
51932,0
8098,1
34928,1
23358,1
13381,1
23985,1
47412,1
61280,0
10784,1
19156,1
44926,1
46597,1
15903,1
50906,1
55858,0
26416,0
27090,0
58675,0
36106,1
24517,1
14358,1
24658,1
13418,1
22906,1
30296,1
56456,0
13704,1
8874,1
52561,0
60780,0
60160,0
44406,1
23369,1
52324,0
11989,1
9501,1
34057,1
58082,0
8506,1
12380,1
29025,1
10173,1
43118,1
55994,0
18206,1
58442,0
47781,1
38288,1
45670,1
34929,1
40801,1
10982,1
14619,1
2790,0
20837,1
15557,1
37700,1
40417,1
8725,1
16852,1
24460,1
8012,1
34015,1
23680,1
40262,1
47175,1
32501,1
3524,1
38437,1
32414,1
52255,0
14159,1
12856,1
19679,1
19091,1
16942,1
15146,1
49412,1
22186,1
52773,0
39510,1
53549,0
34712,1
14187,1
26882,0
62423,0
30005,1
27935,0
10093,1
24836,1
10419,1
32219,1
11962,1
48875,1
33661,1
5843,1
22667,1
12252,1
14802,1
37387,1
2910,0
22587,1
39356,1
46138,1
51194,0
58543,0
24782,1
2562,0
16850,1
11098,1
41024,1
12668,1
17262,1
41826,1
17375,1
34299,1
51574,0
45779,1
25855,0
61619,0
7260,1
33140,1
21218,1
44823,1
6465,1
42363,1
31294,1
4422,1
9699,1
15359,1
680,0
29241,1
51922,0
8285,1
29950,1
19200,1
58905,0
5200,1
38605,1
31995,1
36340,1
59149,0
27609,0
48823,1
58547,0
53855,0
60676,0
3116,0
19202,1
5120,1
12472,1
1771,0
34790,1
53438,0
48007,1
27596,0
16821,1
23511,1
5321,1
37438,1
31657,1
45687,1
20561,1
40367,1
25579,0
54587,0
49218,1
20612,1
31318,1
34126,1
3383,1
43864,1
24247,1
2619,0
18294,1
44961,1
8465,1
21778,1
1038,0
15106,1
61297,0
1159,0
35927,1
1999,0
60123,0
43233,1
33611,1
43221,1
16469,1
15594,1
4513,1
52482,0
47971,1
1049,0
12229,1
18154,1
36627,1
19213,1
47157,1
19233,1
16224,1
4792,1
8436,1
41239,1
51657,0
6286,1
15307,1
56235,0
25517,0
25177,0
54448,0
13163,1
50614,1
40584,1
52385,0
23445,1
3028,0
35677,1
24317,1
25310,0
45411,1
53260,0
19078,1
51391,0
1700,0
34338,1
17733,1
61166,0
61633,0
14656,1
11790,1
424,0
60852,0
6372,1
30034,1
56397,0
57041,0
26743,0
26286,0
61246,0
2157,0
56658,0
52243,0
23482,1
11487,1
35442,1
23050,1
53078,0
32932,1
21400,1
36827,1
19418,1
686,0
23315,1
4742,1
22467,1
28455,1
47228,1
54482,0
42717,1
2253,0
44664,1
7763,1
55588,0
18478,1
31357,1
36205,1
32072,1
31838,1
11211,1
54530,0
10186,1
62408,0
45211,1
15267,1
5152,1
22673,1
31955,1
47847,1
30670,1
48401,1
35561,1
26608,0
20705,1
23670,1
3411,1
33325,1
29035,1
27681,0
7326,1
21269,1
4957,1
46132,1
19089,1
24275,1
36763,1
691,0
10869,1
32838,1
56711,0
24743,1
58544,0
24621,1
59189,0
37307,1
18418,1
3740,1
46022,1
52368,0
62043,0
16217,1
1152,0
62420,0
3961,1
47002,1
11752,1
12843,1
23671,1
24423,1
19224,1
43505,1
44325,1
44721,1
62380,0
9734,1
17070,1
32610,1
56817,0
6003,1
54386,0
11208,1
16596,1
47314,1
54991,0
357,0
7399,1
34470,1
29959,1
47487,1
60905,0
18757,1
2424,0
51578,0
1697,0
48453,1
29152,1
15137,1
57884,0
24001,1
4136,1
25229,0
8876,1
43013,1
57865,0
33881,1
5032,1
36726,1
48874,1
25335,0
24784,1
58396,0
59489,0
31131,1
57896,0
28416,1
22373,1
27976,0
24703,1
45298,1
42754,1
53305,0
44632,1
10383,1
11367,1
40311,1
34609,1
25881,0
27653,0
5229,1
53844,0
32590,1
24334,1
54840,0
41017,1
25789,0
33863,1
18735,1
46357,1
1052,0
55067,0
44185,1
52816,0
7948,1
29385,1
33183,1
58620,0
53752,0
48687,1
55740,0
61201,0
60850,0
57737,0
39392,1
34207,1
646,0
36751,1
19095,1
60334,0
15407,1
59341,0
23223,1
21202,1
43095,1
1811,0
58398,0
13344,1
62187,0
34241,1
36260,1
8326,1
35718,1
42820,1
37511,1
40590,1
22177,1
58561,0
12672,1
16328,1
40126,1
23374,1
39474,1
61096,0
44757,1
37997,1
15792,1
6335,1
58356,0
13162,1
9779,1
16989,1
23079,1
13693,1
45247,1
51310,0
20536,1
20897,1
27754,0
34867,1
38339,1
30050,1
30819,1
22458,1
62453,0
37916,1
56532,0
51305,0
22516,1
14275,1
8234,1
459,0
3764,1
21074,1
22530,1
8713,1
59209,0
22261,1
26548,0
28605,1
44853,1
4880,1
13064,1
34,0
16845,1
42715,1
33729,1
15993,1
37984,1
2034,0
46245,1
61824,0
43990,1
29914,1
2566,0
33655,1
1282,0
7070,1
6244,1
31807,1
19762,1
17715,1
9552,1
25869,0
48417,1
20234,1
20056,1
20785,1
33032,1
3910,1
32612,1
26507,0
39916,1
35279,1
59127,0
5703,1
5583,1
30328,1
10806,1
10503,1
37904,1
12425,1
51331,0
20170,1
26494,0
1787,0
1968,0
62042,0
61570,0
23850,1
2964,0
58564,0
11093,1
11785,1
19965,1
8475,1
44428,1
37617,1
33096,1
11669,1
22076,1
18518,1
24143,1
25443,0
55754,0
38077,1
42316,1
57247,0
62509,0
48803,1
48963,1
45684,1
41650,1
35345,1
23176,1
49365,1
29626,1
34012,1
54702,0
26771,0
10590,1
15336,1
18423,1
17320,1
44681,1
41517,1
46896,1
53892,0
39178,1
50390,1
47413,1
32717,1
13004,1
33048,1
13063,1
16190,1
17497,1
44720,1
40884,1
1991,0
42787,1
3208,1
62353,0
28522,1
60060,0
31339,1
27043,0
60306,0
49167,1
7244,1
31380,1
42730,1
22915,1
29523,1
59277,0
24295,1
3271,1
55442,0
47580,1
24038,1
24653,1
15454,1
62191,0
9930,1
18520,1
58987,0
61093,0
25489,0
58151,0
22826,1
33141,1
12753,1
27011,0
38145,1
21406,1
54542,0
56897,0
12143,1
22160,1
44934,1
59186,0
30014,1
54038,0
7708,1
50735,1
23907,1
14525,1
398,0
9136,1
40320,1
10022,1
58630,0
23164,1
10683,1
17291,1
22603,1
20332,1
21630,1
50605,1
26657,0
23955,1
41156,1
57936,0
10528,1
32181,1
658,0
9083,1
10596,1
12574,1
54597,0
42196,1
9064,1
9643,1
30166,1
43393,1
60441,0
42839,1
44639,1
49286,1
753,0
40084,1
56702,0
57033,0
26250,0
24338,1
4975,1
46351,1
46936,1
53478,0
13206,1
6957,1
35302,1
15102,1
31189,1
1562,0
7511,1
15683,1
33446,1
43778,1
300,0
52036,0
50677,1
61209,0
21424,1
13260,1
44496,1
61417,0
51395,0
47393,1
31236,1
25434,0
37,0
51202,0
47287,1
48825,1
10123,1
5972,1
52620,0
39625,1
51962,0
47993,1
56430,0
20155,1
45692,1
22773,1
26605,0
5626,1
44316,1
25429,0
29194,1
33126,1
50197,1
33848,1
45981,1
45787,1
21532,1
47071,1
55600,0
15419,1
47037,1
5291,1
21156,1
0,0
49905,1
33054,1
59945,0
8871,1
2431,0
46139,1
17848,1
30463,1
31134,1
43723,1
39513,1
10026,1
21324,1
28252,1
15532,1
47672,1
16354,1
45730,1
39993,1
35109,1
22155,1
48030,1
18487,1
20425,1
45832,1
19472,1
58470,0
5925,1
32290,1
18091,1
33558,1
12789,1
42961,1
44045,1
29034,1
4128,1
7702,1
54196,0
59722,0
22868,1
25915,0
34587,1
25690,0
59070,0
11667,1
36077,1
4722,1
40563,1
22907,1
34980,1
50938,1
51761,0
13724,1
52055,0
61020,0
19588,1
46031,1
9155,1
21341,1
49349,1
54180,0
19845,1
34212,1
43057,1
46046,1
27039,0
43320,1
15268,1
29138,1
55503,0
3418,1
32724,1
9735,1
30151,1
60566,0
31958,1
61697,0
49992,0
10695,1
57109,0
7985,1
13333,1
44613,1
49834,1
62494,0
34365,1
54306,0
54071,0
27981,0
42537,1
12860,1
22244,1
2116,0
4702,1
31144,1
20219,1
16252,1
44668,1
62255,0
16622,1
37882,1
28874,1
26267,0
20184,1
24396,1
34644,1
26010,0
22934,1
61160,0
36635,1
58452,0
61720,0
20242,1
19797,1
40704,1
17498,1
12875,1
62342,0
9669,1
21568,1
22621,1
21287,1
52659,0
50169,1
59200,0
56439,0
33360,1
59551,0
157,0
37229,1
41695,1
18825,1
30146,1
36394,1
48794,1
23348,1
57653,0
31960,1
13416,1
39528,1
54505,0
23068,1
46990,1
33634,1
6487,1
55095,0
22521,1
53916,0
23666,1
10532,1
56895,0
57295,0
46736,1
53813,0
34874,1
57559,0
11789,1
29990,1
46970,1
21384,1
50419,1
39394,1
5971,1
37271,1
16028,1
19902,1
6234,1
26907,0
19458,1
43963,1
44906,1
3583,1
19235,1
48318,1
19342,1
6229,1
44453,1
14245,1
9200,1
61764,0
30080,1
61636,0
27208,0
50595,1
44472,1
18702,1
13491,1
9094,1
5777,1
49025,1
32976,1
51058,1
15037,1
6717,1
16598,1
25845,0
33017,1
33292,1
6911,1
60771,0
21654,1
23793,1
61589,0
5182,1
51161,0
34059,1
59253,0
51419,0
48036,1
29970,1
4598,1
8458,1
50402,1
12996,1
57869,0
42063,1
52239,0
47787,1
19553,1
977,0
61029,0
50872,1
19528,1
15282,1
48933,1
32157,1
32118,1
49433,1
29126,1
52038,0
51756,0
41978,1
40782,1
25175,0
31772,1
39645,1
57218,0
61752,0
40474,1
24239,1
16488,1
33609,1
41227,1
20895,1
55488,0
62140,0
24597,1
36322,1
7002,1
56094,0
41404,1
16770,1
35699,1
21437,1
58341,0
49557,1
36194,1
33621,1
43845,1
60321,0
35830,1
25467,0
60554,0
56091,0
18712,1
41737,1
33797,1
27911,0
44723,1
33986,1
16526,1
45467,1
51369,0
29524,1
26049,0
14545,1
51168,0
32048,1
17872,1
31060,1
55572,0
50549,1
43568,1
28360,1
44085,1
42148,1
2902,0
54418,0
30501,1
3034,0
9561,1
60074,0
23926,1
1412,0
60419,0
24622,1
19383,1
59019,0
21200,1
54031,0
60770,0
15457,1
27724,0
43054,1
17037,1
26786,0
632,0
21937,1
8765,1
56371,0
9688,1
25111,0
10865,1
41916,1
18883,1
23295,1
27633,0
54527,0
26150,0
34370,1
1134,0
32149,1
40552,1
26536,0
57722,0
51132,1
46053,1
15860,1
17979,1
7313,1
55106,0
26579,0
50799,1
35657,1
23651,1
50681,1
19346,1
14752,1
138,0
18453,1
20763,1
57631,0
32662,1
18387,1
60054,0
47220,1
24939,1
58353,0
27450,0
15703,1
41985,1
19197,1
31059,1
46247,1
31597,1
54812,0
15021,1
57726,0
49051,1
54095,0
17039,1
48155,1
57549,0
38336,1
17286,1
25116,0
17851,1
32943,1
37880,1
62515,0
13883,1
28319,1
13733,1
12297,1
50057,1
54460,0
34864,1
24818,1
9606,1
47737,1
19487,1
19028,1
61737,0
23840,1
1931,0
25134,0
6675,1
12417,1
61109,0
29304,1
58883,0
46959,1
50005,0
50147,1
4439,1
35904,1
26047,0
28235,1
56896,0
38923,1
60712,0
6280,1
33084,1
33913,1
44337,1
26189,0
59329,0
60061,0
32725,1
2554,0
55013,0
48084,1
30915,1
57499,0
3482,1
19063,1
53200,0
17145,1
53671,0
16482,1
22346,1
40419,1
42008,1
56699,0
56141,0
46376,1
32726,1
40872,1
35547,1
17538,1
54636,0
42317,1
29754,1
32814,1
47618,1
44230,1
51762,0
40154,1
57943,0
31088,1
6766,1
21055,1
33578,1
29132,1
1162,0
22,0
38848,1
27052,0
8191,1
39840,1
5065,1
1620,0
15132,1
43145,1
17011,1
11190,1
34893,1
25122,0
1632,0
58563,0
18662,1
49850,1
11040,1
4329,1
22970,1
37117,1
10932,1
27924,0
9182,1
35735,1
7621,1
50006,0
56590,0
51914,0
4319,1
27701,0
43926,1
16714,1
25276,0
34676,1
25045,0
7761,1
11919,1
25035,0
10455,1
26269,0
41738,1
26485,0
49684,1
37178,1
10142,1
20379,1
14462,1
11146,1
22006,1
18196,1
58729,0
9414,1
11965,1
57679,0
40891,1
61273,0
23056,1
57671,0
3444,1
45693,1
2335,0
28611,1
8627,1
57197,0
13562,1
42835,1
38328,1
16012,1
55789,0
36696,1
50378,1
33429,1
9959,1
45184,1
28920,1
46992,1
8060,1
9044,1
5219,1
29003,1
597,0
47091,1
22794,1
40454,1
5325,1
24450,1
37034,1
14433,1
15614,1
49426,1
10562,1
19013,1
46179,1
656,0
56370,0
2966,0
43477,1
45972,1
46391,1
60606,0
25638,0
9043,1
15946,1
14100,1
1366,0
43754,1
12372,1
57122,0
18173,1
17721,1
36943,1
31917,1
18070,1
21235,1
13275,1
48119,1
8772,1
4022,1
11214,1
51170,0
17443,1
31127,1
4546,1
12130,1
32329,1
4159,1
28482,1
6746,1
55721,0
44253,1
49835,1
34597,1
30794,1
42462,1
30003,1
17008,1
36708,1
44922,1
41320,1
46530,1
44374,1
49577,1
57068,0
53135,0
31169,1
10986,1
25012,0
62084,0
34510,1
26821,0
10119,1
41944,1
47615,1
16407,1
24311,1
28595,1
31683,1
50510,1
23591,1
14258,1
57111,0
46869,1
18369,1
17828,1
33938,1
7214,1
45051,1
4533,1
37289,1
54041,0
1373,0
18157,1
14376,1
19072,1
26448,0
39475,1
46286,1
33016,1
60095,0
49703,1
39358,1
60402,0
54877,0
23929,1
2222,0
56760,0
39797,1
52831,0
32017,1
41928,1
7454,1
47661,1
51896,0
61717,0
60246,0
14940,1
10843,1
46024,1
18917,1
33869,1
39269,1
1435,0
47524,1
6165,1
26214,0
34196,1
19922,1
56167,0
33157,1
6117,1
7067,1
40625,1
46385,1
60395,0
21111,1
35683,1
34725,1
9863,1
17100,1
22328,1
16471,1
53634,0
27149,0
29526,1
3040,0
20906,1
37270,1
10440,1
9792,1
12170,1
48711,1
41742,1
34568,1
11632,1
61606,0
21310,1
37290,1
46543,1
62578,0
19719,1
32967,1
5909,1
8487,1
42938,1
8941,1
8577,1
61834,0
1696,0
896,0
5144,1
39229,1
6252,1
5014,1
60245,0
43838,1
60680,0
44373,1
51966,0
48058,1
35807,1
8373,1
36498,1
50218,1
50321,1
26833,0
37926,1
41854,1
24949,1
46112,1
25967,0
61814,0
15283,1
10937,1
1364,0
30118,1
44330,1
61097,0
41199,1
30663,1
62312,0
34783,1
12064,1
6702,1
14085,1
35696,1
41875,1
42565,1
49951,1
52135,0
34996,1
5543,1
9033,1
54168,0
26160,0
16031,1
12298,1
37518,1
22573,1
40430,1
48688,1
6546,1
22165,1
16310,1
55591,0
47094,1
25030,0
38565,1
18192,1
11262,1
40733,1
24480,1
49633,1
21198,1
35706,1
44620,1
26509,0
32525,1
49383,1
11584,1
31018,1
11704,1
23510,1
15693,1
51528,0
52981,0
61642,0
30660,1
62069,0
21052,1
26679,0
3321,1
30011,1
32646,1
43919,1
4277,1
23331,1
46833,1
41840,1
31352,1
40614,1
16180,1
12060,1
5132,1
583,0
57703,0
33844,1
3380,1
22019,1
6606,1
60063,0
25678,0
41902,1
45602,1
23395,1
9281,1
20362,1
30908,1
4138,1
22730,1
47455,1
41571,1
49388,1
48962,1
53986,0
25474,0
9173,1
38559,1
25913,0
54692,0
6565,1
48213,1
36974,1
50623,1
18145,1
9832,1
58826,0
38175,1
43349,1
52409,0
20982,1
37502,1
40958,1
45881,1
62576,0
39766,1
18118,1
38177,1
47422,1
61240,0
56571,0
38658,1
60822,0
48281,1
3092,0
23921,1
7862,1
39654,1
44895,1
36692,1
1319,0
24223,1
39915,1
43521,1
462,0
5516,1
18863,1
7875,1
11048,1
60181,0
27024,0
38271,1
17026,1
34622,1
35088,1
61851,0
16859,1
26516,0
6170,1
13542,1
53960,0
25379,0
35878,1
28553,1
33168,1
7364,1
39104,1
36860,1
13298,1
46226,1
39524,1
43141,1
17298,1
52191,0
11770,1
43162,1
19460,1
43835,1
55125,0
52150,0
59525,0
21375,1
52181,0
33826,1
9583,1
48894,1
41397,1
21091,1
44665,1
22780,1
6810,1
61372,0
30248,1
10904,1
27069,0
43219,1
51473,0
12810,1
21481,1
30262,1
46440,1
27805,0
53481,0
46607,1
32615,1
52458,0
16162,1
23025,1
6731,1
21418,1
44682,1
42533,1
31749,1
7519,1
14951,1
26284,0
19479,1
4039,1
11616,1
34682,1
61560,0
12866,1
25225,0
29591,1
41256,1
37626,1
12709,1
24129,1
26938,0
43541,1
40089,1
13737,1
25197,0
39484,1
7353,1
4934,1
14412,1
40468,1
4605,1
38441,1
25098,0
50559,1
40215,1
27880,0
11005,1
24535,1
55444,0
20414,1
16033,1
58207,0
44712,1
41967,1
57336,0
53010,0
25860,0
7363,1
51308,0
57960,0
39508,1
58077,0
60370,0
41346,1
20587,1
30607,1
1663,0
14399,1
47205,1
19422,1
44986,1
61753,0
25095,0
50012,0
62361,0
26179,0
56214,0
28387,1
42868,1
3331,1
12929,1
29546,1
37143,1
58495,0
21908,1
49414,1
34603,1
27843,0
29587,1
41524,1
40329,1
54890,0
47839,1
8135,1
41261,1
34117,1
41020,1
33644,1
37129,1
23978,1
4588,1
10924,1
28993,1
5168,1
38592,1
1519,0
11073,1
3015,0
57429,0
6012,1
21763,1
1358,0
56922,0
46291,1
12491,1
12932,1
41670,1
1004,0
6817,1
52021,0
45110,1
48571,1
38412,1
62066,0
56852,0
12855,1
3982,1
5304,1
61471,0
16570,1
52279,0
52123,0
2525,0
56249,0
57672,0
5651,1
41486,1
43884,1
26652,0
31113,1
39951,1
4812,1
35795,1
3596,1
47825,1
53086,0
42276,1
49624,1
19176,1
6910,1
53428,0
13294,1
31455,1
54580,0
7508,1
23998,1
4497,1
30593,1
39983,1
34024,1
29760,1
40082,1
35487,1
46910,1
42235,1
35612,1
23363,1
23854,1
18219,1
29498,1
10361,1
27643,0
51961,0
48980,1
18203,1
42088,1
59710,0
30669,1
15787,1
4654,1
15302,1
8296,1
34147,1
59533,0
20870,1
58262,0
48797,1
29359,1
44081,1
36676,1
56125,0
45081,1
34878,1
21281,1
8052,1
60534,0
40264,1
4949,1
57234,0
8658,1
26383,0
23221,1
29991,1
24606,1
57306,0
16792,1
9986,1
54143,0
51459,0
24018,1
16166,1
16403,1
44343,1
8218,1
41963,1
39683,1
26899,0
49133,1
31903,1
13805,1
23764,1
45168,1
58977,0
5228,1
30086,1
61259,0
57969,0
19271,1
13520,1
20417,1
33053,1
53802,0
39988,1
2173,0
52001,0
62567,0
27697,0
9656,1
46453,1
12294,1
30776,1
33223,1
41964,1
43584,1
49613,1
62382,0
25363,0
51548,0
22657,1
49456,1
36664,1
52815,0
62373,0
59453,0
47343,1
61871,0
35367,1
49638,1
23122,1
46527,1
10381,1
5039,1
560,0
32362,1
19391,1
41362,1
29988,1
61027,0
42532,1
37311,1
59547,0
47665,1
61515,0
14259,1
48565,1
29818,1
2707,0
27506,0
51670,0
34047,1
19038,1
2512,0
37560,1
17876,1
53517,0
32432,1
34538,1
1034,0
20994,1
5302,1
18517,1
25259,0
56712,0
9868,1
1749,0
26453,0
43352,1
58788,0
30084,1
62166,0
8445,1
35832,1
10003,1
34674,1
54221,0
16527,1
43204,1
16773,1
599,0
4105,1
47310,1
27089,0
22998,1
32718,1
14842,1
13661,1
10510,1
51855,0
45374,1
54932,0
36359,1
5483,1
41077,1
51300,0
49751,1
26244,0
52579,0
35186,1
44805,1
14049,1
49168,1
2473,0
10254,1
10311,1
56459,0
26075,0
48196,1
54569,0
20058,1
25343,0
26532,0
7117,1
45761,1
1241,0
48710,1
11129,1
38913,1
40270,1
19523,1
22911,1
544,0
32873,1
34213,1
3274,1
13475,1
31446,1
27553,0
12379,1
34086,1
43631,1
40831,1
58778,0
1584,0
62398,0
23922,1
24370,1
21861,1
11228,1
11907,1
7367,1
59415,0
46089,1
27221,0
25156,0
24332,1
56698,0
16218,1
23777,1
27602,0
9684,1
14551,1
43341,1
11890,1
12213,1
14273,1
56467,0
33672,1
41165,1
13634,1
17719,1
50644,1
8755,1
29357,1
27946,0
41289,1
56640,0
6426,1
7682,1
39673,1
58651,0
1132,0
60278,0
21222,1
47371,1
31238,1
51682,0
42555,1
41549,1
27640,0
44407,1
58960,0
38911,1
30910,1
15043,1
26768,0
51624,0
46654,1
44905,1
32348,1
6595,1
19180,1
27355,0
7827,1
57965,0
55539,0
32629,1
30083,1
51344,0
7578,1
58734,0
39600,1
41130,1
52475,0
40624,1
4408,1
49268,1
21854,1
5310,1
45959,1
36780,1
34181,1
43725,1
16544,1
39965,1
12065,1
58714,0
28413,1
50922,1
24502,1
5104,1
37637,1
46079,1
50864,1
60170,0
29353,1
9799,1
62058,0
16345,1
39391,1
9823,1
31769,1
50804,1
5547,1
21103,1
57011,0
10530,1
29247,1
32018,1
12703,1
21063,1
50890,1
33753,1
46608,1
39876,1
38507,1
42740,1
44858,1
39369,1
6391,1
26190,0
17821,1
61373,0
10525,1
8606,1
4170,1
59394,0
22188,1
49229,1
57506,0
45973,1
24484,1
44118,1
43967,1
37287,1
19909,1
47683,1
4190,1
50098,1
52577,0
6522,1
9125,1
31568,1
54958,0
32177,1
23950,1
43370,1
40218,1
60907,0
32351,1
51727,0
29915,1
10771,1
31717,1
14319,1
53051,0
26229,0
20779,1
48835,1
912,0
26534,0
34595,1
58017,0
39467,1
48834,1
37628,1
55717,0
59737,0
56083,0
24175,1
47004,1
62467,0
46659,1
51038,1
8497,1
32949,1
59240,0
15434,1
14979,1
35581,1
10557,1
49176,1
57921,0
28736,1
47545,1
56826,0
2468,0
8128,1
56800,0
58717,0
10369,1
28316,1
43364,1
21155,1
58020,0
21911,1
26760,0
30129,1
33097,1
13041,1
13198,1
36587,1
56454,0
2559,0
46452,1
2738,0
44939,1
52559,0
15089,1
17817,1
53804,0
48012,1
20470,1
22007,1
37238,1
40471,1
32721,1
41583,1
24626,1
34556,1
7981,1
9186,1
15710,1
25599,0
38537,1
44235,1
59809,0
53578,0
60303,0
37597,1
9320,1
28795,1
3506,1
13679,1
40911,1
3564,1
51343,0
37744,1
56907,0
60071,0
42341,1
54325,0
31634,1
62289,0
49840,1
27401,0
27243,0
7467,1
17483,1
35566,1
44246,1
17259,1
50743,1
11756,1
30774,1
40822,1
6670,1
22017,1
59388,0
21884,1
60585,0
59423,0
7574,1
60721,0
12591,1
45159,1
7058,1
5318,1
10884,1
40991,1
43807,1
50627,1
9857,1
12095,1
43197,1
52004,0
2970,0
49309,1
23617,1
10389,1
60126,0
1802,0
48385,1
60192,0
46748,1
53681,0
17738,1
7345,1
12762,1
32667,1
14224,1
29627,1
1012,0
55525,0
25586,0
13961,1
327,0
32647,1
10526,1
35091,1
35728,1
827,0
30998,1
45231,1
62247,0
8038,1
48501,1
53557,0
24300,1
12164,1
54507,0
20269,1
33181,1
62491,0
52930,0
17400,1
58685,0
51348,0
14231,1
53072,0
52046,0
45815,1
5102,1
27694,0
13716,1
11408,1
36589,1
58627,0
20986,1
45380,1
31488,1
52400,0
40051,1
61236,0
31299,1
33663,1
56263,0
22715,1
39936,1
58480,0
52962,0
8360,1
45585,1
7784,1
12920,1
17160,1
37320,1
14810,1
44781,1
31909,1
8822,1
33481,1
2539,0
33557,1
54292,0
16972,1
57177,0
4596,1
45317,1
12150,1
18228,1
2213,0
37890,1
51044,1
7076,1
12600,1
17381,1
33101,1
47748,1
47975,1
15514,1
6806,1
6540,1
52516,0
44178,1
22237,1
3364,1
1810,0
60357,0
11534,1
2795,0
30207,1
15717,1
55528,0
33586,1
61770,0
42389,1
38247,1
21192,1
55379,0
1479,0
59326,0
35095,1
60530,0
5490,1
36888,1
23690,1
27659,0
4664,1
13229,1
8418,1
47488,1
25139,0
4444,1
54064,0
34314,1
61474,0
53149,0
28002,0
25414,0
26462,0
43799,1
16437,1
5504,1
35002,1
34965,1
56411,0
40322,1
6189,1
58437,0
50861,1
27297,0
8756,1
17858,1
12937,1
62296,0
36980,1
36779,1
43857,1
17376,1
50795,1
21845,1
20744,1
47247,1
60920,0
32266,1
51439,0
6048,1
3499,1
7600,1
46479,1
6436,1
53222,0
24050,1
19775,1
53860,0
9795,1
32872,1
50501,1
5695,1
6304,1
2547,0
6778,1
4131,1
54984,0
11443,1
14964,1
37512,1
16841,1
51749,0
61047,0
12647,1
21356,1
46694,1
9052,1
51835,0
8931,1
55624,0
41623,1
62376,0
58463,0
35600,1
15141,1
43024,1
29497,1
14153,1
31988,1
41669,1
10483,1
43464,1
26620,0
32094,1
49459,1
47447,1
41048,1
41551,1
19743,1
7815,1
48756,1
34180,1
9661,1
58336,0
48940,1
41451,1
41950,1
56332,0
26937,0
3030,0
10739,1
8228,1
22092,1
27509,0
27118,0
55366,0
18235,1
17785,1
60029,0
23291,1
31921,1
7873,1
36608,1
33571,1
57250,0
8837,1
35167,1
5551,1
53202,0
38123,1
23115,1
42779,1
48277,1
35189,1
17964,1
50628,1
25511,0
31723,1
24087,1
41334,1
37014,1
28465,1
50900,1
46690,1
49370,1
49563,1
47562,1
34188,1
10743,1
18930,1
52855,0
12256,1
18321,1
31207,1
1887,0
22740,1
186,0
18752,1
20232,1
17693,1
16498,1
19562,1
14733,1
11698,1
18893,1
44238,1
48056,1
27481,0
34439,1
15690,1
61726,0
62343,0
23428,1
49284,1
16308,1
52527,0
17871,1
14182,1
21440,1
16590,1
19951,1
12160,1
8435,1
39243,1
37130,1
52178,0
31711,1
42444,1
1644,0
52464,0
32907,1
4714,1
37955,1
19069,1
39555,1
37409,1
61281,0
3031,0
19952,1
33125,1
56969,0
34628,1
39268,1
10515,1
9371,1
13772,1
42122,1
35738,1
19376,1
39517,1
51302,0
45039,1
40299,1
21034,1
41447,1
6807,1
57299,0
36592,1
19053,1
39171,1
13904,1
54529,0
48780,1
14631,1
26918,0
61816,0
27891,0
51911,0
8127,1
18764,1
36088,1
102,0
40365,1
11154,1
62088,0
14719,1
37522,1
6952,1
39570,1
41363,1
47612,1
51502,0
39270,1
11948,1
42359,1
23669,1
44771,1
22585,1
56173,0
18709,1
7992,1
18248,1
16208,1
6710,1
15188,1
2847,0
20102,1
31082,1
7346,1
62345,0
55271,0
49265,1
264,0
42995,1
19946,1
22861,1
11045,1
8873,1
3310,1
52058,0
59964,0
56662,0
51638,0
6061,1
36682,1
24750,1
21904,1
60955,0
1334,0
62504,0
31482,1
14204,1
61953,0
38920,1
37975,1
1599,0
22981,1
36411,1
55520,0
54140,0
25760,0
19344,1
36109,1
42433,1
7384,1
26349,0
24139,1
4193,1
9921,1
56597,0
6261,1
60339,0
11328,1
10403,1
46489,1
19817,1
48523,1
58394,0
9521,1
26572,0
48180,1
52074,0
29422,1
6024,1
55368,0
39249,1
32551,1
13393,1
25628,0
20735,1
41174,1
35656,1
38573,1
19982,1
41398,1
42581,1
50133,1
8343,1
22020,1
25560,0
2822,0
11638,1
132,0
8353,1
47329,1
17199,1
37966,1
59061,0
48078,1
37321,1
57744,0
43797,1
16952,1
3258,1
26877,0
41533,1
19811,1
30886,1
22682,1
7736,1
31313,1
56048,0
42190,1
22595,1
16388,1
13285,1
28042,0
30427,1
56536,0
14690,1
28250,1
3289,1
24757,1
1210,0
32071,1
8350,1
28776,1
37539,1
59481,0
56900,0
23630,1
33518,1
15831,1
10733,1
1157,0
45279,1
163,0
44972,1
48920,1
18953,1
14209,1
23752,1
54136,0
35416,1
57539,0
13114,1
46274,1
920,0
57998,0
43960,1
25457,0
51521,0
32722,1
49375,1
20107,1
47902,1
31531,1
17723,1
26302,0
14512,1
40576,1
44985,1
14142,1
26801,0
52481,0
43530,1
60849,0
42615,1
33928,1
19752,1
6185,1
20060,1
18942,1
12013,1
14342,1
54943,0
1917,0
8576,1
32927,1
62248,0
53009,0
511,0
52057,0
16399,1
17413,1
17047,1
22262,1
9132,1
56035,0
17959,1
7411,1
9092,1
35001,1
28829,1
41394,1
5018,1
36674,1
4989,1
14377,1
54829,0
51926,0
42704,1
45829,1
2215,0
2297,0
56984,0
9847,1
23296,1
38634,1
59321,0
33278,1
34290,1
27277,0
8578,1
54440,0
9869,1
41467,1
54843,0
13494,1
15852,1
57848,0
7752,1
42680,1
52300,0
25850,0
35792,1
24879,1
5141,1
31177,1
346,0
58956,0
45235,1
57327,0
45682,1
6374,1
17186,1
43188,1
20009,1
23463,1
12832,1
35129,1
56136,0
61489,0
44191,1
43791,1
55191,0
9850,1
53930,0
12969,1
25592,0
60903,0
51731,0
44326,1
61699,0
13401,1
3431,1
39682,1
43950,1
42548,1
60410,0
935,0
10618,1
25286,0
31684,1
36255,1
53395,0
29258,1
51986,0
26496,0
30063,1
15220,1
8255,1
48809,1
7899,1
54885,0
24382,1
19507,1
325,0
14177,1
44243,1
23194,1
35266,1
58802,0
8067,1
49484,1
46203,1
24740,1
55297,0
59941,0
26576,0
24992,1
47301,1
15742,1
6328,1
28425,1
57707,0
58005,0
27814,0
40963,1
23203,1
17982,1
36471,1
22548,1
42918,1
7947,1
28890,1
49418,1
41750,1
440,0
53221,0
25576,0
33912,1
28207,1
38924,1
10160,1
24976,1
34044,1
36142,1
10893,1
39502,1
198,0
2569,0
13832,1
16769,1
28404,1
43722,1
59751,0
8438,1
17021,1
33530,1
25367,0
14361,1
2726,0
17625,1
9995,1
24727,1
37062,1
4539,1
6610,1
35765,1
36508,1
11149,1
54806,0
24191,1
50089,1
39870,1
18551,1
53810,0
7766,1
58539,0
58761,0
49449,1
60706,0
4059,1
33361,1
31636,1
47332,1
27357,0
52985,0
8900,1
27801,0
9484,1
28074,0
49512,1
40857,1
40413,1
23145,1
40643,1
15488,1
58124,0
13432,1
53206,0
15570,1
279,0
40110,1
11091,1
29734,1
56830,0
52657,0
39053,1
51243,0
48771,1
14518,1
51541,0
16553,1
56783,0
22561,1
26698,0
53290,0
42563,1
19436,1
14735,1
27019,0
23211,1
953,0
15074,1
28254,1
27197,0
3157,0
14080,1
48243,1
20657,1
19164,1
43922,1
2043,0
9016,1
21336,1
35976,1
59050,0
35267,1
1036,0
15133,1
43030,1
26201,0
8375,1
25741,0
15555,1
20278,1
2369,0
28336,1
61215,0
24909,1
3757,1
37939,1
25543,0
8385,1
13251,1
52289,0
60102,0
47365,1
8530,1
29446,1
30006,1
11084,1
41347,1
12724,1
31445,1
34708,1
39954,1
23558,1
5336,1
1475,0
38871,1
57038,0
12931,1
55489,0
18468,1
31823,1
11237,1
61440,0
29662,1
51540,0
47324,1
53110,0
28169,0
61935,0
31260,1
7867,1
1175,0
29269,1
34923,1
55263,0
28451,1
32431,1
39059,1
40930,1
7165,1
55920,0
43726,1
49717,1
59099,0
42183,1
40671,1
59085,0
58927,0
13949,1
29603,1
34175,1
38743,1
17633,1
6777,1
8064,1
9991,1
44204,1
52955,0
51709,0
5244,1
43563,1
42677,1
45943,1
57979,0
20728,1
12790,1
53896,0
61282,0
1439,0
61990,0
39752,1
53372,0
14215,1
33055,1
54669,0
14443,1
59908,0
5598,1
16678,1
29916,1
31641,1
10422,1
21385,1
28932,1
6078,1
17908,1
31739,1
6995,1
59600,0
41904,1
40184,1
14309,1
32849,1
20340,1
43222,1
39250,1
972,0
13768,1
13864,1
38750,1
30964,1
38935,1
38197,1
7871,1
32634,1
22528,1
61260,0
12885,1
48773,1
47561,1
5375,1
37201,1
8424,1
23600,1
1617,0
17281,1
56380,0
21503,1
29770,1
32742,1
10758,1
17302,1
36289,1
788,0
60137,0
59006,0
2025,0
57632,0
21871,1
61918,0
54878,0
56933,0
35671,1
7810,1
19999,1
29574,1
61105,0
38401,1
23133,1
45705,1
14262,1
21901,1
20033,1
38963,1
20572,1
55634,0
37420,1
60318,0
17757,1
21912,1
44676,1
31764,1
27057,0
3063,0
29127,1
58622,0
36395,1
28066,0
4981,1
23169,1
49978,1
5068,1
41837,1
11119,1
10840,1
59164,0
11020,1
44132,1
56635,0
43882,1
44281,1
46411,1
6600,1
46313,1
44697,1
47469,1
44845,1
9442,1
35183,1
4684,1
45413,1
34824,1
36146,1
17078,1
39977,1
39421,1
23100,1
38319,1
62070,0
48420,1
57241,0
16434,1
30367,1
5117,1
60021,0
12019,1
30551,1
50412,1
34507,1
35463,1
32502,1
31282,1
9962,1
42997,1
15528,1
8739,1
61414,0
9801,1
2670,0
22363,1
51185,0
32001,1
57460,0
58168,0
62527,0
14681,1
7974,1
18217,1
36641,1
27239,0
7322,1
15100,1
37323,1
13881,1
11792,1
5181,1
15211,1
129,0
6756,1
14425,1
61831,0
29402,1
26946,0
44596,1
23417,1
3532,1
8282,1
28903,1
2007,0
7542,1
57465,0
37555,1
6687,1
59708,0
42552,1
56620,0
49291,1
61551,0
14795,1
12847,1
9019,1
24667,1
28253,1
2941,0
36630,1
16494,1
46769,1
6771,1
57649,0
51357,0
4926,1
42445,1
39789,1
40467,1
32859,1
46406,1
37988,1
34034,1
12303,1
31697,1
42971,1
46646,1
1079,0
24089,1
4731,1
52848,0
43532,1
49014,1
20739,1
48486,1
31518,1
12158,1
57360,0
62439,0
50975,1
4508,1
59513,0
60028,0
43546,1
3494,1
17489,1
25747,0
50987,1
1847,0
2370,0
52847,0
62450,0
12933,1
19699,1
43314,1
9211,1
46111,1
56824,0
37083,1
60475,0
32562,1
26725,0
740,0
12705,1
26421,0
655,0
28111,0
60200,0
9732,1
58893,0
29368,1
50948,1
18790,1
46713,1
48861,1
23028,1
62180,0
42346,1
57354,0
60183,0
3507,1
51187,0
57396,0
25195,0
30840,1
24711,1
1474,0
20815,1
18516,1
16139,1
15890,1
19088,1
9854,1
51290,0
44491,1
54010,0
10172,1
13659,1
3669,1
42725,1
47725,1
53061,0
35901,1
27982,0
32440,1
40369,1
54496,0
27193,0
47141,1
52151,0
25184,0
7280,1
34920,1
2874,0
30269,1
7405,1
9525,1
31353,1
20319,1
42227,1
33468,1
5721,1
10475,1
27381,0
11413,1
52520,0
39385,1
50997,1
43127,1
56114,0
45755,1
26306,0
50660,1
3516,1
16320,1
6813,1
45315,1
42045,1
46216,1
17018,1
46080,1
24516,1
5532,1
45412,1
30968,1
12680,1
29431,1
39328,1
28135,0
2511,0
38813,1
1741,0
39525,1
42591,1
50667,1
53972,0
51865,0
4940,1
58251,0
32495,1
20392,1
47998,1
13232,1
38001,1
44514,1
35377,1
53970,0
26758,0
18204,1
49932,1
31327,1
40411,1
18229,1
8387,1
44849,1
15748,1
12169,1
58,0
60076,0
358,0
29516,1
24833,1
45482,1
26834,0
8119,1
24846,1
7598,1
36086,1
10952,1
45091,1
11333,1
30460,1
21466,1
43296,1
45747,1
15198,1
55477,0
52603,0
19957,1
51613,0
48551,1
54293,0
19008,1
57468,0
28871,1
32948,1
26665,0
4945,1
8441,1
30732,1
44899,1
3281,1
18237,1
13325,1
22531,1
18005,1
10219,1
17086,1
11450,1
45313,1
47963,1
27488,0
51251,0
34308,1
13577,1
59109,0
34539,1
9202,1
47170,1
41288,1
12462,1
49605,1
36971,1
58286,0
55161,0
19502,1
25011,0
43901,1
45934,1
35468,1
59079,0
46902,1
61604,0
28584,1
1855,0
4413,1
15140,1
16676,1
29425,1
17797,1
35857,1
17911,1
31222,1
34277,1
16111,1
49102,1
45667,1
1596,0
14116,1
21786,1
39660,1
12217,1
34253,1
42692,1
47443,1
9936,1
44434,1
4499,1
15718,1
57900,0
26864,0
9076,1
807,0
46020,1
62451,0
1027,0
17399,1
31754,1
49329,1
10983,1
2944,0
20325,1
31891,1
60820,0
62321,0
32569,1
28970,1
22959,1
24441,1
5769,1
31599,1
25495,0
19530,1
14745,1
59484,0
40494,1
18970,1
53811,0
18211,1
22526,1
55483,0
44538,1
45833,1
29274,1
8983,1
34884,1
23939,1
7723,1
19207,1
17647,1
26488,0
1441,0
61867,0
32975,1
6386,1
13353,1
42921,1
13169,1
48934,1
31862,1
41408,1
30283,1
36715,1
19853,1
45215,1
36926,1
38500,1
11592,1
41889,1
12090,1
39382,1
5296,1
12336,1
9695,1
2618,0
42400,1
50159,1
12401,1
57064,0
9100,1
54113,0
902,0
13000,1
31671,1
13387,1
31122,1
24103,1
26034,0
23361,1
30969,1
1541,0
26510,0
23447,1
15634,1
23281,1
2123,0
10075,1
37664,1
42192,1
53564,0
14881,1
14334,1
43216,1
48376,1
2637,0
7401,1
22835,1
55682,0
16978,1
59000,0
6706,1
16842,1
39806,1
43537,1
9334,1
11713,1
30288,1
16807,1
35353,1
55654,0
53534,0
18233,1
47654,1
48425,1
39330,1
7529,1
14789,1
22221,1
43298,1
29351,1
36492,1
17091,1
53938,0
43648,1
53833,0
54033,0
18244,1
302,0
38359,1
61459,0
47213,1
9923,1
1688,0
58586,0
45600,1
7684,1
25957,0
56085,0
23594,1
5439,1
61979,0
54395,0
31865,1
36609,1
38835,1
20047,1
55712,0
9575,1
6478,1
62386,0
56090,0
47947,1
1211,0
10245,1
11028,1
4203,1
35335,1
18183,1
27908,0
8449,1
16645,1
50032,1
7666,1
59817,0
997,0
10037,1
55518,0
11977,1
17460,1
1695,0
16201,1
61926,0
21166,1
29874,1
22385,1
3591,1
50,0
19735,1
30345,1
10032,1
51615,0
54277,0
604,0
30642,1
44459,1
11563,1
12643,1
38536,1
17389,1
21774,1
2455,0
46392,1
40686,1
1096,0
6790,1
38482,1
482,0
27624,0
61904,0
60271,0
45510,1
37775,1
13474,1
34038,1
32810,1
5361,1
56034,0
15775,1
34084,1
4287,1
6596,1
3367,1
49738,1
966,0
14050,1
29865,1
7978,1
45377,1
57088,0
61078,0
38623,1
14871,1
17132,1
33365,1
47189,1
14828,1
19987,1
13581,1
51020,1
33874,1
46339,1
29157,1
3492,1
52789,0
44725,1
48581,1
31094,1
19602,1
53840,0
51626,0
33421,1
41709,1
33815,1
15034,1
19134,1
21265,1
59538,0
12774,1
54310,0
49304,1
55535,0
27619,0
38157,1
12640,1
8538,1
13565,1
5352,1
15847,1
28344,1
5497,1
37838,1
5580,1
34141,1
27429,0
45204,1
33260,1
46279,1
43008,1
53066,0
25015,0
13892,1
44549,1
16260,1
39864,1
5807,1
52087,0
53927,0
52043,0
45223,1
25660,0
29042,1
1017,0
12888,1
20204,1
15896,1
60189,0
58557,0
53819,0
13732,1
28214,1
2748,0
41030,1
55241,0
32541,1
16151,1
61667,0
15425,1
38083,1
11233,1
33409,1
4284,1
45839,1
57170,0
40725,1
692,0
16907,1
23089,1
48443,1
46850,1
40083,1
60172,0
57738,0
25052,0
52900,0
20633,1
61797,0
44021,1
49912,1
16322,1
58460,0
27350,0
31508,1
45625,1
43156,1
37194,1
43384,1
45739,1
44182,1
44818,1
22947,1
16603,1
6896,1
37273,1
62463,0
35613,1
35231,1
33882,1
32462,1
6230,1
11693,1
52070,0
792,0
26826,0
28394,1
43160,1
32671,1
53701,0
10341,1
26716,0
56918,0
56416,0
56863,0
31774,1
647,0
42579,1
25914,0
53456,0
52666,0
35311,1
36892,1
8068,1
28839,1
33015,1
35994,1
61537,0
44023,1
62253,0
22375,1
52961,0
27418,0
26846,0
20900,1
52863,0
49963,1
26323,0
39549,1
50432,1
1674,0
21875,1
62192,0
19236,1
47695,1
28838,1
35812,1
18327,1
44249,1
10874,1
41797,1
57621,0
17127,1
31621,1
51833,0
20628,1
57138,0
52383,0
57908,0
17152,1
54115,0
21239,1
18703,1
59841,0
61198,0
47514,1
54953,0
5391,1
3355,1
52115,0
7879,1
34919,1
17167,1
14390,1
58339,0
12099,1
49516,1
27763,0
41087,1
3859,1
30625,1
56843,0
51388,0
33036,1
50299,1
5072,1
25724,0
29538,1
19501,1
27117,0
49041,1
61178,0
13263,1
58642,0
46360,1
41501,1
6147,1
23989,1
46799,1
8434,1
31201,1
11255,1
38583,1
33717,1
44893,1
58530,0
43682,1
24322,1
30853,1
26517,0
31839,1
47925,1
12830,1
43607,1
21330,1
9770,1
4479,1
20709,1
20681,1
45427,1
42778,1
37137,1
60730,0
59289,0
23506,1
28233,1
13167,1
38475,1
50135,1
50290,1
10854,1
36824,1
52231,0
24255,1
1934,0
20762,1
22150,1
55983,0
12941,1
37538,1
15323,1
59833,0
40328,1
60628,0
48903,1
5130,1
16582,1
52476,0
3471,1
51563,0
25406,0
44915,1
46155,1
26415,0
6183,1
32028,1
18239,1
21414,1
42180,1
39910,1
13271,1
54781,0
53121,0
57167,0
53463,0
4514,1
11707,1
40397,1
48502,1
13847,1
27016,0
26815,0
48538,1
20302,1
34522,1
2952,0
38429,1
18337,1
54623,0
53957,0
1309,0
29861,1
51863,0
12667,1
23798,1
47611,1
33267,1
33369,1
38396,1
23222,1
25060,0
3643,1
29694,1
47309,1
27691,0
10997,1
33107,1
26926,0
28134,0
29576,1
11661,1
58000,0
27175,0
633,0
628,0
10520,1
22156,1
24854,1
29655,1
61611,0
37288,1
31422,1
27191,0
61457,0
49689,1
45660,1
8730,1
57283,0
15295,1
22087,1
31748,1
24898,1
39931,1
24968,1
15423,1
13664,1
58006,0
11787,1
37883,1
43929,1
48677,1
16102,1
58798,0
27407,0
51119,1
24781,1
41810,1
22062,1
26192,0
54011,0
54036,0
3057,0
9096,1
54085,0
35046,1
20648,1
30339,1
1154,0
11858,1
31481,1
46013,1
22301,1
45242,1
44152,1
3202,1
35254,1
52565,0
13585,1
42107,1
41147,1
3007,0
23228,1
19061,1
52503,0
15977,1
14218,1
4526,1
32886,1
58615,0
31271,1
19707,1
56272,0
31348,1
49704,1
6887,1
53421,0
46914,1
7371,1
57493,0
41905,1
37029,1
39370,1
50960,1
4458,1
41730,1
29199,1
4216,1
37763,1
21170,1
21810,1
62097,0
41068,1
9969,1
33334,1
58114,0
57986,0
49471,1
50550,1
58966,0
26045,0
19594,1
12995,1
19448,1
26958,0
28673,1
15526,1
52341,0
27695,0
6547,1
38702,1
24648,1
5341,1
45129,1
47184,1
3469,1
51160,0
30956,1
20749,1
11800,1
21205,1
17182,1
21427,1
52480,0
28018,0
28834,1
21808,1
50407,1
10318,1
18108,1
35517,1
35256,1
55202,0
41372,1
125,0
30535,1
45863,1
23123,1
35704,1
9911,1
20029,1
40779,1
59310,0
53689,0
23214,1
32004,1
19544,1
20924,1
18976,1
43392,1
17416,1
15574,1
27136,0
32274,1
61091,0
39800,1
21037,1
5946,1
7953,1
47114,1
28075,0
60038,0
49160,1
20474,1
8721,1
21781,1
39937,1
16293,1
22336,1
7292,1
18968,1
20547,1
11064,1
47102,1
41126,1
35068,1
10108,1
26655,0
15491,1
23775,1
17883,1
25029,0
38731,1
49553,1
50954,1
24037,1
62256,0
17951,1
36059,1
33241,1
13556,1
19,0
59131,0
37606,1
50232,1
787,0
22862,1
16587,1
42153,1
15609,1
16660,1
8980,1
26901,0
37902,1
7332,1
25549,0
20850,1
34582,1
27654,0
6171,1
32939,1
4849,1
4261,1
24287,1
26364,0
33018,1
28962,1
24114,1
17751,1
62409,0
15340,1
50099,1
1924,0
54970,0
20883,1
39772,1
267,0
36571,1
492,0
53762,0
3303,1
61304,0
37094,1
297,0
61727,0
32090,1
48828,1
4661,1
57668,0
45346,1
61119,0
45366,1
34574,1
8405,1
41906,1
1182,0
33956,1
10725,1
54805,0
59768,0
51409,0
5659,1
32255,1
5095,1
37748,1
46532,1
34033,1
61099,0
42077,1
5067,1
7906,1
50886,1
2906,0
60719,0
34306,1
57833,0
14736,1
8792,1
28539,1
5860,1
52519,0
60929,0
37948,1
30122,1
18379,1
24119,1
33927,1
34937,1
37621,1
7036,1
42339,1
688,0
24439,1
48381,1
37377,1
20574,1
19145,1
41108,1
28210,1
3023,0
25963,0
17798,1
17267,1
28717,1
53114,0
20755,1
43853,1
22694,1
7393,1
26953,0
31208,1
24345,1
38006,1
20036,1
7516,1
59179,0
7131,1
32917,1
5374,1
49885,1
10548,1
60909,0
47386,1
54630,0
28343,1
58103,0
56930,0
43090,1
53944,0
56342,0
41836,1
12424,1
38346,1
3496,1
8862,1
21834,1
15533,1
49999,0
8761,1
35228,1
13589,1
22961,1
58059,0
46801,1
25559,0
15228,1
13322,1
51272,0
29491,1
4367,1
16084,1
16751,1
5156,1
51380,0
34375,1
3192,1
6212,1
47138,1
5988,1
59463,0
45982,1
45512,1
38085,1
28960,1
1448,0
37824,1
37010,1
33420,1
17084,1
54486,0
48134,1
32325,1
4611,1
17108,1
33110,1
2083,0
34280,1
61080,0
15399,1
54818,0
4523,1
39908,1
29171,1
45271,1
28411,1
28666,1
19728,1
15038,1
39038,1
10013,1
46294,1
12641,1
24820,1
51222,0
32827,1
51133,1
20634,1
35811,1
4986,1
922,0
22347,1
61987,0
52822,0
13471,1
30628,1
43074,1
29925,1
52742,0
28808,1
2993,0
14635,1
9626,1
21703,1
27299,0
27797,0
40374,1
10746,1
706,0
42319,1
8901,1
11476,1
41009,1
50741,1
6236,1
31216,1
57906,0
52382,0
42556,1
44018,1
26942,0
42838,1
33132,1
51291,0
33620,1
35845,1
27419,0
59555,0
42809,1
16823,1
15391,1
29736,1
7321,1
43333,1
50261,1
55317,0
17996,1
60746,0
12584,1
7898,1
8150,1
18820,1
36700,1
46926,1
30822,1
47710,1
47096,1
5449,1
42986,1
1600,0
9865,1
49697,1
15231,1
36473,1
58519,0
55089,0
20772,1
12140,1
26987,0
23328,1
52276,0
9976,1
42962,1
23014,1
8946,1
53692,0
57545,0
46700,1
1303,0
17042,1
35093,1
36843,1
9507,1
24083,1
16289,1
14901,1
62103,0
2340,0
26959,0
23180,1
35121,1
1986,0
55276,0
35605,1
53292,0
60273,0
28191,1
15590,1
7139,1
1509,0
48156,1
25846,0
49310,1
13605,1
29525,1
53352,0
7571,1
31692,1
6744,1
51790,0
10297,1
61196,0
64,0
34452,1
22601,1
19755,1
7311,1
12056,1
6324,1
17607,1
1669,0
45718,1
57018,0
42719,1
36661,1
3477,1
40229,1
7236,1
37026,1
55016,0
20287,1
24163,1
4659,1
21722,1
53942,0
57206,0
43640,1
56881,0
31810,1
36149,1
61205,0
8762,1
37562,1
1585,0
41079,1
8274,1
27040,0
13359,1
39652,1
41044,1
25746,0
32373,1
32045,1
49815,1
8259,1
17643,1
12464,1
54601,0
21354,1
55036,0
39873,1
1654,0
8647,1
54536,0
17344,1
49181,1
30975,1
59021,0
6661,1
42929,1
24156,1
55027,0
41118,1
53598,0
842,0
3505,1
37685,1
8324,1
484,0
46757,1
2788,0
21423,1
18739,1
9733,1
18587,1
25121,0
53131,0
50000,0
21982,1
26780,0
7119,1
44268,1
17536,1
31340,1
2155,0
16400,1
56770,0
62626,0
18218,1
55835,0
44810,1
54809,0
30177,1
44813,1
48028,1
39817,1
24325,1
40309,1
52530,0
38014,1
52723,0
959,0
11530,1
51320,0
22004,1
11545,1
50233,1
4968,1
20661,1
38522,1
26513,0
12051,1
20605,1
51266,0
10833,1
29280,1
36496,1
18903,1
44218,1
5889,1
50857,1
38867,1
15960,1
4800,1
32273,1
44770,1
59024,0
4970,1
53571,0
50776,1
44777,1
27224,0
26293,0
55710,0
3527,1
24014,1
1779,0
62455,0
56913,0
24845,1
31093,1
56604,0
5955,1
16369,1
62596,0
34921,1
62158,0
1061,0
60576,0
48,0
27443,0
1718,0
6311,1
53727,0
41736,1
58176,0
19064,1
2195,0
43184,1
54971,0
25806,0
18995,1
27955,0
41462,1
11985,1
40033,1
33437,1
34176,1
33170,1
13850,1
17734,1
13907,1
42870,1
17622,1
35263,1
38380,1
36490,1
23890,1
29153,1
10088,1
22926,1
14929,1
30353,1
5460,1
16775,1
32340,1
35089,1
61855,0
44411,1
49741,1
3744,1
47865,1
7771,1
58043,0
52626,0
62356,0
58328,0
43186,1
18760,1
13151,1
60831,0
34698,1
33521,1
474,0
33845,1
42268,1
41117,1
5931,1
5680,1
8349,1
52541,0
9775,1
11901,1
1794,0
16519,1
29169,1
53683,0
5339,1
61602,0
14753,1
40749,1
56856,0
5859,1
60373,0
47196,1
20743,1
12049,1
31647,1
1732,0
29670,1
29333,1
52988,0
55455,0
2721,0
19021,1
29477,1
59810,0
33482,1
2105,0
32774,1
62096,0
61736,0
19334,1
62137,0
261,0
43659,1
34350,1
55793,0
51181,0
5134,1
44731,1
52492,0
7566,1
22507,1
62242,0
43763,1
55792,0
58818,0
27897,0
55283,0
46050,1
8005,1
10560,1
13174,1
60946,0
38182,1
16973,1
60180,0
17270,1
19411,1
6213,1
26483,0
30097,1
16378,1
55160,0
22184,1
36714,1
26543,0
18048,1
56330,0
25172,0
15952,1
59956,0
21158,1
44011,1
44944,1
40655,1
31609,1
15392,1
42178,1
24203,1
42951,1
9185,1
39372,1
8213,1
9278,1
26251,0
57433,0
38033,1
43765,1
56791,0
9459,1
3072,0
45845,1
28519,1
4790,1
31565,1
43456,1
40198,1
32024,1
7201,1
14615,1
33545,1
33501,1
60414,0
45837,1
48456,1
44907,1
26403,0
51653,0
22073,1
40745,1
52991,0
55563,0
41812,1
62286,0
17093,1
60159,0
57236,0
41966,1
47235,1
32805,1
34061,1
54213,0
51393,0
44119,1
2070,0
58895,0
23612,1
24544,1
17255,1
41312,1
45765,1
35222,1
5248,1
41622,1
21396,1
53586,0
5746,1
35509,1
35043,1
50328,1
60974,0
8671,1
5251,1
38749,1
53585,0
48990,1
36773,1
26074,0
30893,1
48079,1
3490,1
4985,1
52005,0
35746,1
50600,1
38347,1
7251,1
31411,1
36487,1
52478,0
53968,0
19097,1
45399,1
58210,0
38756,1
25077,0
47791,1
7728,1
37378,1
37212,1
24077,1
458,0
45753,1
14917,1
43818,1
32643,1
14024,1
802,0
16992,1
37397,1
6590,1
39464,1
60506,0
31560,1
19300,1
59933,0
55404,0
4673,1
18824,1
33336,1
14219,1
57463,0
27099,0
21754,1
35763,1
35205,1
16680,1
10513,1
23914,1
26288,0
12194,1
31000,1
31273,1
5487,1
10166,1
17796,1
31241,1
30245,1
57368,0
16851,1
294,0
2184,0
6891,1
49076,1
28070,0
61670,0
37004,1
58983,0
17040,1
18839,1
52407,0
11038,1
55748,0
43084,1
25217,0
20181,1
53918,0
9624,1
26370,0
25512,0
56355,0
50435,1
55112,0
45301,1
40534,1
284,0
14571,1
41667,1
8688,1
13837,1
11610,1
54417,0
34842,1
59405,0
12739,1
45356,1
22736,1
9420,1
11955,1
58080,0
8554,1
50908,1
38509,1
59777,0
58624,0
23347,1
52872,0
6226,1
18471,1
28046,0
40109,1
57016,0
44580,1
20441,1
45721,1
39795,1
37254,1
38986,1
62358,0
35230,1
44123,1
50021,1
32202,1
58526,0
4747,1
52781,0
22922,1
56157,0
22602,1
21209,1
38075,1
39690,1
58179,0
2031,0
39119,1
39781,1
37332,1
27907,0
53667,0
49064,1
55870,0
36451,1
24315,1
23966,1
61040,0
10286,1
35101,1
39489,1
58236,0
28867,1
4396,1
61061,0
4249,1
28709,1
59659,0
34571,1
50394,1
14942,1
27961,0
14699,1
48659,1
36434,1
41772,1
25634,0
5209,1
59202,0
35148,1
53947,0
3412,1
43516,1
23570,1
44798,1
44512,1
11709,1
52037,0
2096,0
62143,0
22050,1
17317,1
33653,1
13312,1
3014,0
10188,1
58107,0
41331,1
17098,1
19311,1
33185,1
54124,0
62396,0
59183,0
31054,1
34515,1
13840,1
18643,1
37457,1
37089,1
5900,1
49319,1
60391,0
17561,1
48881,1
4238,1
30874,1
21509,1
31104,1
23637,1
42771,1
26856,0
26128,0
10255,1
12645,1
14577,1
8719,1
45508,1
52610,0
43310,1
26036,0
18063,1
18558,1
22326,1
57108,0
45306,1
10793,1
3574,1
31301,1
45198,1
14465,1
47596,1
48668,1
40825,1
12231,1
52293,0
32882,1
56103,0
7967,1
15654,1
15113,1
10304,1
24407,1
27735,0
53781,0
1737,0
34073,1
43702,1
45255,1
31686,1
1757,0
24674,1
50651,1
57701,0
29521,1
10148,1
32201,1
26545,0
50541,1
38627,1
16161,1
35731,1
4140,1
21371,1
27605,0
41787,1
37111,1
3503,1
32144,1
3622,1
10,0
41703,1
31562,1
3761,1
58988,0
32803,1
28308,1
26303,0
53593,0
53219,0
48430,1
51577,0
37268,1
3926,1
31027,1
36597,1
454,0
39161,1
7507,1
32452,1
2350,0
45428,1
5263,1
20717,1
51518,0
57695,0
52532,0
18370,1
62005,0
44696,1
9616,1
30494,1
3070,0
10792,1
44667,1
33175,1
26252,0
14316,1
41206,1
29487,1
56005,0
30534,1
38304,1
12116,1
32658,1
28216,1
44719,1
58041,0
15395,1
51516,0
53908,0
36143,1
21407,1
51261,0
61287,0
40216,1
38936,1
32626,1
746,0
13538,1
43556,1
60445,0
11202,1
30421,1
24438,1
37152,1
60299,0
42642,1
58449,0
42218,1
40173,1
10292,1
48662,1
54583,0
48548,1
5995,1
32699,1
13058,1
20439,1
43439,1
8003,1
16740,1
48655,1
51330,0
61058,0
54172,0
28824,1
59148,0
10035,1
21660,1
41365,1
32601,1
11308,1
24812,1
14528,1
39307,1
45417,1
2667,0
16253,1
28228,1
9767,1
25258,0
54272,0
57791,0
16508,1
25144,0
10350,1
28978,1
35097,1
11956,1
48880,1
12259,1
42776,1
34805,1
46342,1
978,0
33279,1
38434,1
49422,1
6799,1
1488,0
56505,0
10555,1
40246,1
5402,1
24506,1
57570,0
5785,1
24947,1
763,0
20129,1
31391,1
7539,1
28498,1
18556,1
58321,0
6300,1
4806,1
41986,1
7592,1
62557,0
47242,1
45597,1
41918,1
56146,0
41488,1
9191,1
48357,1
38827,1
60378,0
19306,1
29663,1
5496,1
13809,1
30909,1
33462,1
8651,1
8593,1
59064,0
13967,1
4538,1
52365,0
52820,0
62518,0
54457,0
57686,0
30837,1
4344,1
60767,0
22731,1
14173,1
7343,1
53884,0
30557,1
20637,1
38792,1
30740,1
6056,1
6738,1
55722,0
22512,1
17897,1
17772,1
30656,1
53559,0
46779,1
37870,1
56002,0
37245,1
26110,0
17730,1
33911,1
35536,1
33847,1
54653,0
17853,1
31691,1
61441,0
12041,1
22680,1
11239,1
49226,1
5147,1
31346,1
38444,1
21553,1
292,0
57039,0
41149,1
49067,1
48498,1
13021,1
4185,1
12957,1
42853,1
49775,1
38733,1
46145,1
35560,1
8906,1
21136,1
41814,1
27921,0
18170,1
43355,1
1998,0
26529,0
16145,1
6638,1
5359,1
22390,1
2028,0
26561,0
27688,0
13289,1
29761,1
31072,1
14628,1
15238,1
20117,1
2591,0
58347,0
13120,1
39321,1
32196,1
62055,0
37878,1
58500,0
31836,1
8853,1
28164,0
38279,1
61244,0
9140,1
27783,0
59048,0
33550,1
31651,1
13026,1
47067,1
57984,0
18717,1
15679,1
29911,1
48950,1
13777,1
15649,1
45631,1
12072,1
36923,1
21246,1
57202,0
29434,1
11230,1
10229,1
5827,1
50102,1
23530,1
13910,1
55551,0
22404,1
43157,1
20434,1
52486,0
59936,0
20738,1
47416,1
23704,1
12954,1
42024,1
60565,0
2668,0
1473,0
16630,1
34318,1
23288,1
18023,1
6365,1
41400,1
36762,1
47419,1
58088,0
27778,0
25475,0
39709,1
15478,1
5260,1
49150,1
6043,1
46604,1
48011,1
56966,0
33681,1
21802,1
27323,0
61812,0
47481,1
2232,0
12490,1
31592,1
37149,1
12707,1
7765,1
7215,1
35579,1
27127,0
38969,1
62185,0
20226,1
18299,1
50076,1
58343,0
23685,1
51399,0
41089,1
16552,1
24954,1
19867,1
30200,1
20718,1
39164,1
25524,0
39848,1
61010,0
19044,1
11041,1
28942,1
3156,0
11019,1
39043,1
20189,1
6274,1
9612,1
9439,1
51947,0
34650,1
49583,1
55540,0
57056,0
19799,1
17035,1
12180,1
24729,1
21991,1
20385,1
5492,1
26738,0
42698,1
25753,0
24705,1
8974,1
18343,1
31828,1
48896,1
57875,0
21154,1
28919,1
21039,1
7922,1
55120,0
46564,1
9982,1
16824,1
33983,1
49988,0
1788,0
23930,1
22728,1
20523,1
20565,1
51507,0
41698,1
30992,1
16496,1
15780,1
10155,1
10472,1
40755,1
40586,1
57080,0
453,0
61733,0
43888,1
3633,1
23578,1
56132,0
8286,1
29853,1
53217,0
44245,1
21084,1
8252,1
53732,0
51560,0
49115,1
37481,1
39167,1
43643,1
16870,1
29631,1
51338,0
4556,1
31672,1
37439,1
45470,1
48960,1
47465,1
10164,1
50167,1
4671,1
29578,1
62010,0
9011,1
59097,0
62044,0
11999,1
8215,1
23789,1
7720,1
24271,1
7424,1
25147,0
38021,1
57790,0
60673,0
9373,1
55555,0
10069,1
53044,0
59700,0
44351,1
17378,1
216,0
3120,0
19186,1
26170,0
45228,1
4939,1
46355,1
956,0
4963,1
24957,1
10042,1
39855,1
25853,0
58623,0
9816,1
61185,0
45541,1
6109,1
21126,1
1010,0
59622,0
59830,0
38057,1
3136,0
12999,1
23870,1
18653,1
32543,1
15732,1
15883,1
54222,0
41215,1
61591,0
18240,1
56352,0
21231,1
674,0
53990,0
59305,0
62526,0
38111,1
23111,1
53903,0
22982,1
5817,1
53664,0
41576,1
48260,1
35176,1
56592,0
54473,0
16333,1
7976,1
36214,1
56989,0
24094,1
60430,0
25985,0
31120,1
2285,0
27963,0
18557,1
29289,1
8053,1
27432,0
13651,1
31961,1
41793,1
13833,1
10408,1
24279,1
29529,1
18200,1
16149,1
21033,1
60505,0
47858,1
18,0
40754,1
52399,0
36606,1
25150,0
11523,1
46927,1
60367,0
43345,1
54814,0
15152,1
23397,1
20272,1
42898,1
5559,1
19493,1
21085,1
57488,0
51703,0
3117,0
33770,1
7335,1
54727,0
57311,0
55019,0
41040,1
31999,1
54689,0
32285,1
28543,1
28989,1
34366,1
5367,1
4564,1
8289,1
42164,1
14315,1
16321,1
59985,0
9015,1
48188,1
9067,1
11574,1
3913,1
40925,1
17013,1
11138,1
20216,1
41469,1
750,0
22018,1
16541,1
38962,1
26158,0
23474,1
8608,1
7779,1
60354,0
10178,1
17392,1
41370,1
2097,0
13599,1
61231,0
38557,1
9187,1
54535,0
21699,1
55307,0
54232,0
20848,1
55687,0
1504,0
18783,1
418,0
38430,1
48743,1
41175,1
56627,0
37265,1
25797,0
41552,1
58015,0
53647,0
46985,1
56911,0
56407,0
26710,0
37898,1
10466,1
10333,1
57837,0
62237,0
47922,1
32395,1
40093,1
22842,1
4234,1
35417,1
18630,1
7126,1
39123,1
37607,1
9400,1
18811,1
45941,1
32645,1
8480,1
50374,1
26085,0
34506,1
39545,1
19273,1
24125,1
42515,1
35822,1
3549,1
27524,0
54488,0
27302,0
28617,1
57706,0
39082,1
1308,0
2418,0
4038,1
46884,1
61450,0
32020,1
32034,1
13602,1
29948,1
21552,1
44192,1
47937,1
8722,1
54319,0
34540,1
60766,0
59117,0
32860,1
20177,1
32167,1
60444,0
23480,1
22785,1
27747,0
39787,1
28881,1
29059,1
5600,1
43790,1
54497,0
61914,0
42142,1
59347,0
57408,0
57374,0
58917,0
42184,1
34266,1
27008,0
10259,1
20317,1
40948,1
24576,1
40770,1
18857,1
40564,1
42447,1
55393,0
62550,0
4146,1
7128,1
16650,1
56313,0
52901,0
43251,1
25719,0
27870,0
50790,1
26781,0
23836,1
5064,1
8886,1
14652,1
6128,1
5803,1
38765,1
46320,1
16346,1
4002,1
43821,1
55102,0
15385,1
8440,1
14332,1
53915,0
51984,0
24463,1
8751,1
87,0
35618,1
36440,1
3013,0
52468,0
16607,1
12775,1
4958,1
30316,1
3876,1
4524,1
22918,1
5819,1
48690,1
31925,1
27510,0
9840,1
37814,1
45974,1
10931,1
17746,1
28784,1
30905,1
23303,1
56921,0
62291,0
39359,1
30264,1
49705,1
28594,1
52915,0
29561,1
39442,1
23944,1
49690,1
33698,1
7200,1
43390,1
39609,1
53603,0
24778,1
9171,1
26656,0
22420,1
28384,1
19045,1
21729,1
9289,1
34383,1
39200,1
17819,1
14754,1
36315,1
59938,0
44963,1
20420,1
9587,1
57692,0
39605,1
12167,1
13541,1
58576,0
22996,1
2549,0
12693,1
42773,1
24507,1
45163,1
28563,1
25221,0
19469,1
10473,1
50785,1
15582,1
9842,1
47338,1
52064,0
60865,0
40108,1
42120,1
11420,1
25840,0
26963,0
29366,1
60895,0
14647,1
42431,1
30419,1
34232,1
30440,1
43902,1
56636,0
45283,1
17856,1
52484,0
22846,1
61212,0
10543,1
1067,0
5094,1
31987,1
44053,1
4037,1
32042,1
34757,1
52621,0
12459,1
58590,0
47197,1
46678,1
3140,0
15608,1
2858,0
4787,1
42001,1
33801,1
45520,1
16706,1
50585,1
42425,1
17261,1
8935,1
3286,1
51172,0
41197,1
36647,1
32441,1
43045,1
9686,1
2409,0
2145,0
50314,1
58486,0
3933,1
52214,0
3706,1
23996,1
10214,1
2953,0
8517,1
21566,1
754,0
59397,0
52321,0
53017,0
7930,1
21221,1
14833,1
42924,1
21226,1
48979,1
25654,0
54850,0
29014,1
13838,1
59641,0
14724,1
33897,1
56551,0
17986,1
51265,0
28902,1
38368,1
37224,1
2019,0
34973,1
5507,1
39398,1
20621,1
50715,1
33625,1
46739,1
46486,1
12267,1
19144,1
43382,1
4385,1
289,0
11621,1
32145,1
21896,1
52069,0
57716,0
30009,1
30677,1
21989,1
19094,1
51876,0
36243,1
11783,1
8759,1
46303,1
7890,1
18655,1
10537,1
57556,0
1640,0
53296,0
45078,1
35048,1
20369,1
4270,1
28420,1
29619,1
6495,1
8616,1
56557,0
9163,1
139,0
30209,1
478,0
54847,0
16827,1
32523,1
29568,1
15818,1
35325,1
18224,1
2643,0
24401,1
36840,1
13146,1
43951,1
21840,1
3635,1
44766,1
28240,1
45834,1
56593,0
3163,0
51215,0
61491,0
61069,0
45064,1
53568,0
27184,0
46809,1
58591,0
62092,0
38223,1
30237,1
6627,1
58473,0
27409,0
9782,1
45389,1
17575,1
6856,1
34433,1
48489,1
7718,1
21325,1
36048,1
1105,0
33399,1
18131,1
25785,0
28234,1
57514,0
28763,1
52169,0
13018,1
30771,1
17521,1
31014,1
55082,0
23097,1
33449,1
3450,1
41029,1
7044,1
49876,1
43860,1
49931,1
47638,1
46271,1
17158,1
25181,0
40712,1
58390,0
58081,0
749,0
61468,0
22423,1
22247,1
19616,1
50292,1
20132,1
19641,1
38541,1
58687,0
45645,1
6356,1
1543,0
24912,1
48753,1
56339,0
60337,0
29650,1
42503,1
40820,1
61003,0
17314,1
24,0
16294,1
28,0
19981,1
28860,1
3683,1
12378,1
50493,1
39602,1
8734,1
156,0
25553,0
5962,1
22445,1
12337,1
12674,1
34813,1
47768,1
39989,1
47583,1
32323,1
34572,1
12193,1
6575,1
8774,1
20692,1
3952,1
21339,1
27539,0
25455,0
1122,0
18499,1
34455,1
33177,1
41951,1
41417,1
61463,0
53934,0
13177,1
60116,0
38587,1
24690,1
41860,1
26479,0
43603,1
17374,1
32909,1
41845,1
33152,1
37907,1
30765,1
56029,0
59060,0
32765,1
5495,1
18138,1
11185,1
47061,1
60631,0
2627,0
35307,1
46788,1
49154,1
2449,0
33085,1
38675,1
6050,1
60987,0
2450,0
44254,1
21791,1
3902,1
59132,0
22712,1
1428,0
42660,1
32568,1
45702,1
39611,1
29640,1
35394,1
1385,0
61590,0
2597,0
57237,0
36312,1
7063,1
13428,1
38164,1
19725,1
39031,1
60241,0
31288,1
21190,1
18107,1
60578,0
28609,1
37704,1
61128,0
26596,0
24958,1
7644,1
52310,0
11459,1
50128,1
60001,0
10809,1
38228,1
19079,1
34096,1
61966,0
41272,1
35582,1
45243,1
37166,1
26898,0
46263,1
35888,1
59010,0
29721,1
23545,1
37345,1
47256,1
15337,1
38024,1
61420,0
20477,1
23173,1
51996,0
48258,1
23916,1
60161,0
36834,1
56108,0
1563,0
6071,1
61821,0
44125,1
44413,1
24835,1
56596,0
33203,1
3676,1
31330,1
30887,1
47215,1
23227,1
56147,0
14557,1
46853,1
61992,0
21613,1
3378,1
12463,1
43819,1
49718,1
52140,0
5373,1
52285,0
7601,1
35229,1
53514,0
53700,0
19456,1
18373,1
19753,1
46670,1
27123,0
9317,1
4658,1
32327,1
28859,1
31350,1
58221,0
22848,1
37609,1
44756,1
59071,0
44275,1
53611,0
28822,1
23660,1
15224,1
29876,1
36450,1
28194,1
25528,0
43937,1
49616,1
43277,1
42728,1
27726,0
47591,1
7923,1
26385,0
8960,1
57490,0
53556,0
61601,0
44141,1
46870,1
44364,1
40784,1
23861,1
15897,1
36838,1
6469,1
11468,1
7053,1
3813,1
4035,1
3263,1
11784,1
45121,1
7204,1
5675,1
60097,0
15824,1
39044,1
15319,1
11580,1
51556,0
39137,1
15119,1
51544,0
12623,1
20917,1
7091,1
2452,0
36806,1
35181,1
15844,1
32035,1
42065,1
4255,1
53273,0
45975,1
34431,1
60939,0
48210,1
50274,1
16125,1
53561,0
55124,0
12949,1
563,0
43779,1
40080,1
9666,1
46471,1
53978,0
14782,1
25220,0
23099,1
16517,1
24301,1
54253,0
23905,1
28990,1
6087,1
57223,0
11905,1
39139,1
44977,1
45101,1
30926,1
58146,0
20381,1
57802,0
47362,1
41672,1
49049,1
58171,0
43377,1
40056,1
20585,1
5987,1
3621,1
38613,1
28190,1
13746,1
7025,1
19871,1
51584,0
25649,0
21338,1
61009,0
50023,1
8519,1
55936,0
41946,1
58859,0
55084,0
48868,1
23847,1
39207,1
35854,1
44678,1
1276,0
48959,1
18613,1
19042,1
24128,1
20251,1
36294,1
17403,1
19327,1
23974,1
25214,0
45598,1
15951,1
40512,1
10407,1
7825,1
24613,1
57007,0
2996,0
96,0
35153,1
3137,0
49367,1
10674,1
590,0
41301,1
40221,1
36419,1
22200,1
36455,1
56993,0
3828,1
54493,0
16432,1
9957,1
15143,1
38609,1
61108,0
29885,1
54260,0
61234,0
55765,0
46923,1
14544,1
22787,1
61731,0
1444,0
9573,1
46962,1
30814,1
394,0
44624,1
58023,0
40387,1
3955,1
19123,1
46800,1
27750,0
27382,0
61654,0
47394,1
29720,1
26642,0
51732,0
35620,1
16405,1
51236,0
41285,1
1539,0
1912,0
8447,1
48899,1
26669,0
50249,1
6420,1
25656,0
24593,1
38934,1
60684,0
17358,1
58389,0
6812,1
35627,1
46580,1
42488,1
4229,1
38,0
54257,0
10774,1
30058,1
26535,0
1472,0
61403,0
9711,1
42893,1
56453,0
22990,1
33638,1
44921,1
44938,1
5378,1
52411,0
4003,1
25409,0
8529,1
50850,1
57799,0
43493,1
8423,1
30431,1
15547,1
30450,1
5138,1
54323,0
44521,1
27205,0
461,0
47486,1
9352,1
17720,1
25228,0
14196,1
58724,0
56936,0
62594,0
14444,1
19058,1
19887,1
36382,1
5883,1
24248,1
62503,0
57343,0
36285,1
2478,0
35012,1
22454,1
23784,1
41329,1
14481,1
29813,1
61345,0
29944,1
39938,1
1978,0
60793,0
54554,0
6545,1
61456,0
32030,1
38777,1
14434,1
57634,0
13419,1
26134,0
24610,1
49778,1
61380,0
22838,1
32078,1
24917,1
36290,1
14490,1
32404,1
4271,1
2927,0
16976,1
45304,1
25715,0
22795,1
45612,1
39630,1
8117,1
37969,1
33388,1
33249,1
44536,1
15202,1
11694,1
24832,1
59861,0
36928,1
28450,1
1759,0
33040,1
59594,0
8967,1
34877,1
33121,1
9628,1
16371,1
38073,1
5190,1
3381,1
3198,1
16981,1
36540,1
31205,1
25247,0
60838,0
29490,1
55860,0
8829,1
37161,1
12435,1
32546,1
55035,0
28043,0
60687,0
26585,0
40123,1
49179,1
56527,0
35937,1
23081,1
46668,1
25160,0
46370,1
25496,0
45402,1
21377,1
43583,1
28006,0
9059,1
19608,1
36230,1
28038,0
16048,1
3152,0
61147,0
44812,1
57424,0
4764,1
43198,1
31217,1
29685,1
11102,1
7802,1
49534,1
54312,0
43146,1
59570,0
21745,1
32481,1
1869,0
55490,0
59761,0
18774,1
1956,0
22912,1
30778,1
45114,1
25334,0
12744,1
16010,1
62540,0
21078,1
15689,1
62592,0
34388,1
6338,1
52272,0
49097,1
55995,0
35642,1
52839,0
52386,0
26740,0
48742,1
7872,1
28445,1
17095,1
32665,1
34496,1
40259,1
55681,0
54901,0
56762,0
15324,1
35191,1
56191,0
1166,0
58327,0
57276,0
49890,1
47297,1
49748,1
43753,1
51735,0
7939,1
43413,1
15700,1
36299,1
389,0
3718,1
60068,0
9696,1
10527,1
34849,1
38784,1
20122,1
28030,0
61801,0
14103,1
49294,1
9557,1
4838,1
57384,0
50604,1
12648,1
25708,0
34309,1
14331,1
7210,1
19142,1
7924,1
54498,0
15648,1
56756,0
50691,1
13450,1
47360,1
29966,1
37690,1
27845,0
10211,1
1526,0
61331,0
31760,1
24117,1
29623,1
19658,1
50558,1
42150,1
52652,0
61559,0
5400,1
48984,1
31848,1
18278,1
62500,0
25187,0
47903,1
33886,1
16666,1
42293,1
41909,1
40744,1
21972,1
1848,0
121,0
50963,1
17667,1
18759,1
58209,0
42468,1
55358,0
61744,0
11774,1
13985,1
17611,1
59190,0
25082,0
42003,1
26797,0
2536,0
10644,1
35127,1
36804,1
40788,1
29047,1
17477,1
51489,0
21891,1
56001,0
47890,1
45288,1
44149,1
9761,1
49958,1
36771,1
35971,1
53643,0
28857,1
15127,1
50388,1
48278,1
59425,0
42345,1
39367,1
35926,1
5186,1
23258,1
30457,1
8592,1
2047,0
56373,0
37219,1
20858,1
21174,1
47979,1
35333,1
60931,0
58466,0
22656,1
47984,1
43104,1
105,0
13137,1
23877,1
11762,1
38654,1
14787,1
8307,1
15857,1
38149,1
33454,1
4224,1
856,0
15729,1
7085,1
58538,0
37630,1
3896,1
60959,0
44167,1
51810,0
2218,0
40260,1
20182,1
39623,1
34932,1
6949,1
50519,1
2056,0
43351,1
26367,0
4386,1
33174,1
52888,0
34680,1
40575,1
39585,1
45103,1
50564,1
43060,1
38205,1
44627,1
57322,0
7886,1
48343,1
6080,1
55933,0
45763,1
4390,1
39400,1
39379,1
37991,1
34040,1
2435,0
16005,1
45036,1
19674,1
12465,1
34634,1
59648,0
52970,0
9708,1
18017,1
13302,1
2102,0
52737,0
52745,0
46573,1
5690,1
35227,1
32066,1
36548,1
17604,1
19943,1
25743,0
7379,1
39543,1
39828,1
16732,1
43575,1
37841,1
1125,0
61919,0
35924,1
47632,1
29442,1
22121,1
41423,1
59444,0
42710,1
15424,1
51289,0
27368,0
62101,0
17644,1
60923,0
51721,0
42512,1
35178,1
60024,0
1449,0
7100,1
49813,1
46195,1
57395,0
21539,1
28644,1
37903,1
2496,0
18160,1
5355,1
33564,1
52683,0
16798,1
9668,1
47003,1
2022,0
20295,1
54556,0
33405,1
14781,1
6270,1
11678,1
40718,1
47438,1
14157,1
5112,1
50048,1
7078,1
14052,1
3513,1
22102,1
24174,1
24270,1
20800,1
22807,1
20685,1
3360,1
50418,1
52728,0
29567,1
36195,1
14716,1
57899,0
54606,0
57885,0
18859,1
40530,1
5324,1
62430,0
38527,1
30687,1
38389,1
55530,0
54437,0
4844,1
43969,1
36191,1
19896,1
2032,0
44542,1
2871,0
58795,0
9567,1
41442,1
31065,1
49950,1
51958,0
33271,1
36184,1
22023,1
43639,1
28886,1
37067,1
22437,1
525,0
23074,1
19740,1
5567,1
3228,1
3788,1
57186,0
49228,1
2636,0
886,0
41604,1
27467,0
9622,1
40628,1
9526,1
6945,1
17776,1
60562,0
43496,1
20646,1
59390,0
20489,1
53735,0
15554,1
56226,0
17950,1
62235,0
12501,1
44277,1
41475,1
16657,1
11336,1
12315,1
19333,1
26518,0
17529,1
46191,1
27779,0
31900,1
43594,1
11848,1
11964,1
41191,1
7019,1
22648,1
61939,0
5691,1
24068,1
31186,1
28320,1
59986,0
54567,0
21903,1
61603,0
14542,1
6279,1
27678,0
23807,1
27230,0
3954,1
56548,0
39770,1
33233,1
58726,0
10051,1
14601,1
1723,0
37954,1
25664,0
58432,0
18024,1
35993,1
56530,0
58723,0
23096,1
318,0
42416,1
25701,0
55304,0
4586,1
60543,0
3188,1
45643,1
13891,1
27723,0
10697,1
59769,0
18705,1
18288,1
32887,1
17227,1
16621,1
27639,0
711,0
54800,0
55064,0
1486,0
53765,0
20464,1
1077,0
58945,0
35140,1
1464,0
26294,0
29956,1
13476,1
28144,0
43566,1
27252,0
6101,1
18686,1
48342,1
31731,1
35726,1
46505,1
56671,0
60898,0
52248,0
1335,0
11346,1
25237,0
48961,1
30485,1
25494,0
37458,1
33633,1
37805,1
42461,1
18215,1
14759,1
27163,0
32931,1
10918,1
30527,1
26525,0
43180,1
42362,1
42407,1
8367,1
11611,1
54834,0
33491,1
19536,1
34663,1
3442,1
18496,1
51476,0
35752,1
16545,1
803,0
35921,1
12275,1
53900,0
59407,0
3232,1
3970,1
48612,1
8419,1
39173,1
39500,1
30667,1
48569,1
9882,1
2310,0
19454,1
32713,1
1603,0
47731,1
29789,1
592,0
58699,0
33008,1
26478,0
21960,1
8155,1
25672,0
21905,1
33821,1
10501,1
31571,1
29327,1
12316,1
58658,0
30648,1
37133,1
49652,1
5328,1
20050,1
1277,0
26664,0
19620,1
45853,1
43931,1
57949,0
45331,1
24155,1
19761,1
46763,1
21470,1
42654,1
26019,0
62573,0
20679,1
18328,1
18140,1
53071,0
18871,1
15162,1
19695,1
47135,1
46352,1
53720,0
37138,1
11345,1
50257,1
33745,1
57982,0
15396,1
10384,1
9332,1
35358,1
19102,1
23663,1
50462,1
48407,1
55697,0
36307,1
56944,0
20241,1
20353,1
50363,1
21417,1
4895,1
37943,1
59351,0
5286,1
28218,1
22063,1
36578,1
36090,1
60363,0
47980,1
57407,0
56728,0
33137,1
35430,1
14888,1
59540,0
57271,0
6446,1
1078,0
56165,0
37396,1
3027,0
53355,0
19582,1
30769,1
10240,1
23260,1
8670,1
44691,1
35006,1
21557,1
28317,1
55875,0
21219,1
9291,1
37561,1
54165,0
10198,1
10737,1
39713,1
53381,0
55044,0
53445,0
53223,0
37421,1
52536,0
48748,1
61689,0
13909,1
23259,1
34576,1
43229,1
9883,1
60701,0
13482,1
1128,0
58924,0
52329,0
62464,0
44687,1
46273,1
61222,0
18401,1
676,0
54961,0
57967,0
58807,0
10302,1
60705,0
33076,1
27790,0
1361,0
33310,1
48474,1
35494,1
43459,1
59844,0
51228,0
60956,0
27547,0
39121,1
7758,1
614,0
47765,1
8111,1
4103,1
6996,1
40551,1
9943,1
59254,0
2697,0
53567,0
44164,1
42768,1
43159,1
47279,1
15756,1
60290,0
47883,1
36181,1
8806,1
32131,1
37353,1
55198,0
27859,0
6549,1
15966,1
28665,1
35165,1
14663,1
27267,0
1652,0
22497,1
28187,1
2153,0
38004,1
24419,1
59101,0
62612,0
18608,1
30037,1
50674,1
32806,1
6726,1
61748,0
44509,1
14003,1
12251,1
53034,0
61525,0
59187,0
12470,1
40627,1
12038,1
3467,1
51691,0
54327,0
37549,1
42124,1
22109,1
55239,0
16250,1
57652,0
3004,0
52975,0
38533,1
37101,1
3404,1
30697,1
2414,0
44282,1
54286,0
17470,1
23804,1
52792,0
41148,1
46361,1
42942,1
23191,1
26061,0
59880,0
57635,0
19919,1
21829,1
6005,1
61509,0
61593,0
10606,1
53207,0
6407,1
5468,1
55363,0
17213,1
23423,1
61771,0
25302,0
16459,1
60027,0
44651,1
8070,1
36296,1
62301,0
1955,0
27898,0
2659,0
31680,1
5674,1
35723,1
39575,1
31698,1
26639,0
23275,1
19785,1
54652,0
26228,0
29703,1
20006,1
60173,0
35313,1
15530,1
43620,1
55416,0
49381,1
33688,1
41775,1
1747,0
47936,1
24607,1
11908,1
37327,1
16124,1
34268,1
57735,0
60737,0
9827,1
47257,1
15005,1
12111,1
40325,1
8225,1
4332,1
43436,1
8454,1
37039,1
31906,1
50496,1
36531,1
45094,1
19340,1
24032,1
29653,1
17230,1
36633,1
56259,0
32496,1
11607,1
22421,1
22225,1
18028,1
34727,1
27196,0
21165,1
18626,1
53694,0
21872,1
49544,1
10486,1
10469,1
56283,0
30214,1
48311,1
15620,1
40300,1
46005,1
24686,1
62054,0
55577,0
6925,1
41921,1
9131,1
16417,1
47631,1
47581,1
53348,0
33504,1
20301,1
58332,0
58297,0
10129,1
6840,1
40853,1
46302,1
56112,0
50073,1
61983,0
46774,1
4748,1
46488,1
6601,1
25575,0
38457,1
8329,1
45710,1
22777,1
108,0
55545,0
29658,1
41063,1
36907,1
54774,0
50038,1
55181,0
43485,1
5405,1
33331,1
31009,1
11236,1
25061,0
41101,1
18489,1
34948,1
31087,1
15290,1
46321,1
26827,0
47086,1
49288,1
53654,0
26990,0
25071,0
15103,1
55769,0
18132,1
55413,0
13204,1
61800,0
24435,1
3193,1
17713,1
26830,0
58157,0
46790,1
27339,0
62067,0
44483,1
24583,1
47933,1
884,0
18360,1
3456,1
59929,0
2126,0
55220,0
199,0
38327,1
61043,0
50979,1
6583,1
44010,1
54738,0
56278,0
54479,0
47798,1
34163,1
54157,0
54329,0
51945,0
58278,0
46241,1
11904,1
15997,1
4915,1
37806,1
9844,1
12247,1
38478,1
11625,1
466,0
14476,1
35401,1
42920,1
56729,0
32101,1
60774,0
30305,1
25851,0
41184,1
37537,1
1529,0
12254,1
2197,0
22276,1
42383,1
36453,1
5702,1
4223,1
25400,0
2728,0
2877,0
24166,1
6015,1
58190,0
43814,1
50587,1
57331,0
45458,1
25002,0
42417,1
29698,1
37608,1
56723,0
44007,1
53293,0
43565,1
2000,0
19571,1
31842,1
55497,0
6560,1
41538,1
28048,0
47012,1
7202,1
48542,1
5786,1
44573,1
51025,1
15589,1
29777,1
42678,1
19231,1
6390,1
5625,1
35137,1
59043,0
16016,1
23938,1
16470,1
34225,1
4893,1
56041,0
45767,1
49476,1
18402,1
33658,1
34474,1
4995,1
57337,0
3131,0
48031,1
6488,1
3246,1
2873,0
34843,1
23889,1
22255,1
3107,0
11538,1
53353,0
17896,1
23210,1
4393,1
24717,1
7577,1
34936,1
54808,0
54097,0
17236,1
46009,1
60227,0
36776,1
36252,1
15466,1
48530,1
22397,1
27816,0
54502,0
7310,1
17646,1
15173,1
33133,1
58501,0
4130,1
48573,1
36649,1
35236,1
31991,1
42127,1
35074,1
2766,0
53966,0
17668,1
